showtime_id,movie_id,cinema_id,show_date,show_time
1,2,C001,2025-11-15,10:20
2,2,C001,2025-11-15,13:40
3,2,C001,2025-11-15,17:00
4,2,C001,2025-11-15,20:30
5,2,C003,2025-11-15,11:10
6,2,C003,2025-11-15,14:30
7,2,C003,2025-11-15,18:00
8,2,C003,2025-11-15,21:20
9,2,C008,2025-11-15,09:50
10,2,C008,2025-11-15,13:20
11,2,C008,2025-11-15,16:40
12,2,C008,2025-11-15,20:00
13,2,C014,2025-11-15,12:00
14,2,C014,2025-11-15,19:30
15,2,C016,2025-11-15,10:40
16,2,C016,2025-11-15,14:10
17,2,C016,2025-11-15,17:30
18,2,C016,2025-11-15,20:50
19,2,C021,2025-11-15,15:00
20,2,C021,2025-11-15,20:20
21,3,C002,2025-11-15,10:00
22,3,C002,2025-11-15,13:20
23,3,C002,2025-11-15,16:50
24,3,C002,2025-11-15,20:10
25,3,C007,2025-11-15,11:30
26,3,C007,2025-11-15,18:40
27,3,C009,2025-11-15,09:30
28,3,C009,2025-11-15,12:50
29,3,C009,2025-11-15,16:20
30,3,C009,2025-11-15,19:40
31,3,C015,2025-11-15,14:00
32,3,C015,2025-11-15,20:30
33,3,C017,2025-11-15,10:50
34,3,C017,2025-11-15,14:20
35,3,C017,2025-11-15,17:40
36,3,C022,2025-11-15,12:30
37,3,C022,2025-11-15,19:00
38,3,C023,2025-11-15,11:20
39,3,C023,2025-11-15,15:10
40,3,C023,2025-11-15,18:30
41,3,C023,2025-11-15,21:00
42,3,C034,2025-11-15,13:00
43,3,C034,2025-11-15,20:00
44,4,C004,2025-11-15,10:30
45,4,C004,2025-11-15,14:00
46,4,C004,2025-11-15,17:20
47,4,C004,2025-11-15,20:40
48,4,C006,2025-11-15,11:40
49,4,C006,2025-11-15,15:30
50,4,C006,2025-11-15,19:10
51,4,C010,2025-11-15,09:40
52,4,C010,2025-11-15,13:10
53,4,C010,2025-11-15,16:40
54,4,C010,2025-11-15,20:00
55,4,C012,2025-11-15,12:20
56,4,C012,2025-11-15,16:00
57,4,C012,2025-11-15,19:30
58,4,C018,2025-11-15,10:10
59,4,C018,2025-11-15,13:50
60,4,C018,2025-11-15,17:10
61,4,C020,2025-11-15,11:00
62,4,C020,2025-11-15,14:40
63,4,C020,2025-11-15,18:20
64,4,C020,2025-11-15,21:30
65,4,C024,2025-11-15,12:40
66,4,C024,2025-11-15,16:20
67,4,C024,2025-11-15,20:10
68,4,C029,2025-11-15,10:20
69,4,C029,2025-11-15,14:10
70,4,C029,2025-11-15,17:50
71,5,C005,2025-11-15,09:50
72,5,C005,2025-11-15,13:30
73,5,C005,2025-11-15,17:00
74,5,C005,2025-11-15,20:20
75,5,C007,2025-11-15,14:30
76,5,C007,2025-11-15,20:00
77,5,C011,2025-11-15,10:40
78,5,C011,2025-11-15,14:10
79,5,C011,2025-11-15,17:40
80,5,C014,2025-11-15,12:00
81,5,C014,2025-11-15,19:20
82,5,C019,2025-11-15,11:20
83,5,C019,2025-11-15,15:00
84,5,C019,2025-11-15,18:30
85,5,C021,2025-11-15,16:00
86,5,C021,2025-11-15,20:40
87,5,C026,2025-11-15,10:00
88,5,C026,2025-11-15,13:40
89,5,C026,2025-11-15,17:20
90,5,C028,2025-11-15,11:50
91,5,C028,2025-11-15,15:30
92,5,C028,2025-11-15,19:00
93,5,C028,2025-11-15,21:10
94,6,C003,2025-11-15,12:00
95,6,C003,2025-11-15,15:30
96,6,C003,2025-11-15,19:00
97,6,C006,2025-11-15,10:00
98,6,C006,2025-11-15,13:40
99,6,C006,2025-11-15,17:10
100,6,C006,2025-11-15,20:40
101,6,C009,2025-11-15,11:10
102,6,C009,2025-11-15,14:50
103,6,C009,2025-11-15,18:20
104,6,C013,2025-11-15,10:30
105,6,C013,2025-11-15,14:00
106,6,C013,2025-11-15,17:30
107,6,C013,2025-11-15,21:00
108,6,C016,2025-11-15,12:40
109,6,C016,2025-11-15,16:20
110,6,C016,2025-11-15,19:50
111,6,C018,2025-11-15,09:40
112,6,C018,2025-11-15,13:10
113,6,C018,2025-11-15,16:50
114,6,C025,2025-11-15,11:30
115,6,C025,2025-11-15,15:20
116,6,C025,2025-11-15,19:00
117,6,C027,2025-11-15,10:20
118,6,C027,2025-11-15,14:00
119,6,C027,2025-11-15,17:40
120,6,C027,2025-11-15,21:10
121,6,C030,2025-11-15,12:10
122,6,C030,2025-11-15,16:00
123,6,C030,2025-11-15,19:30
124,6,C034,2025-11-15,14:40
125,6,C034,2025-11-15,20:10
126,7,C001,2025-11-15,15:00
127,7,C001,2025-11-15,18:30
128,7,C007,2025-11-15,12:40
129,7,C007,2025-11-15,16:10
130,7,C007,2025-11-15,21:00
131,7,C010,2025-11-15,10:10
132,7,C010,2025-11-15,13:50
133,7,C010,2025-11-15,17:20
134,7,C015,2025-11-15,11:40
135,7,C015,2025-11-15,15:20
136,7,C015,2025-11-15,19:10
137,7,C017,2025-11-15,09:50
138,7,C017,2025-11-15,13:30
139,7,C017,2025-11-15,17:00
140,7,C017,2025-11-15,20:30
141,7,C022,2025-11-15,14:20
142,7,C022,2025-11-15,20:50
143,7,C024,2025-11-15,10:50
144,7,C024,2025-11-15,14:30
145,7,C024,2025-11-15,18:10
146,7,C029,2025-11-15,11:00
147,7,C029,2025-11-15,15:00
148,7,C029,2025-11-15,18:40
149,7,C029,2025-11-15,21:20
150,7,C032,2025-11-15,12:50
151,7,C032,2025-11-15,16:40
152,7,C032,2025-11-15,20:00
153,7,C034,2025-11-15,17:50
154,2,C001,2025-11-16,10:30
155,2,C001,2025-11-16,13:50
156,2,C001,2025-11-16,17:10
157,2,C001,2025-11-16,20:40
158,2,C003,2025-11-16,11:20
159,2,C003,2025-11-16,14:40
160,2,C003,2025-11-16,18:00
161,2,C003,2025-11-16,21:30
162,2,C008,2025-11-16,09:40
163,2,C008,2025-11-16,13:10
164,2,C008,2025-11-16,16:30
165,2,C008,2025-11-16,19:50
166,2,C014,2025-11-16,12:30
167,2,C014,2025-11-16,20:00
168,2,C016,2025-11-16,10:10
169,2,C016,2025-11-16,13:40
170,2,C016,2025-11-16,17:00
171,2,C016,2025-11-16,20:20
172,2,C021,2025-11-16,15:30
173,2,C021,2025-11-16,20:50
174,2,C001,2025-11-17,10:40
175,2,C001,2025-11-17,14:00
176,2,C001,2025-11-17,17:20
177,2,C001,2025-11-17,20:50
178,2,C003,2025-11-17,11:00
179,2,C003,2025-11-17,14:20
180,2,C003,2025-11-17,17:50
181,2,C003,2025-11-17,21:10
182,2,C008,2025-11-17,09:50
183,2,C008,2025-11-17,13:20
184,2,C008,2025-11-17,16:40
185,2,C008,2025-11-17,20:00
186,2,C014,2025-11-17,12:00
187,2,C014,2025-11-17,19:30
188,2,C016,2025-11-17,10:50
189,2,C016,2025-11-17,14:10
190,2,C016,2025-11-17,17:40
191,2,C016,2025-11-17,21:00
192,2,C021,2025-11-17,15:00
193,2,C021,2025-11-17,20:20
194,2,C001,2025-11-18,10:20
195,2,C001,2025-11-18,13:40
196,2,C001,2025-11-18,17:00
197,2,C001,2025-11-18,20:30
198,2,C003,2025-11-18,11:10
199,2,C003,2025-11-18,14:30
200,2,C003,2025-11-18,18:00
201,2,C008,2025-11-18,09:30
202,2,C008,2025-11-18,12:50
203,2,C008,2025-11-18,16:20
204,2,C008,2025-11-18,19:40
205,2,C014,2025-11-18,14:00
206,2,C014,2025-11-18,20:30
207,2,C016,2025-11-18,10:40
208,2,C016,2025-11-18,14:10
209,2,C016,2025-11-18,17:30
210,2,C021,2025-11-18,16:00
211,2,C021,2025-11-18,20:40
212,2,C001,2025-11-19,10:50
213,2,C001,2025-11-19,14:20
214,2,C001,2025-11-19,17:40
215,2,C001,2025-11-19,21:00
216,2,C003,2025-11-19,11:30
217,2,C003,2025-11-19,15:00
218,2,C003,2025-11-19,18:20
219,2,C008,2025-11-19,09:40
220,2,C008,2025-11-19,13:10
221,2,C008,2025-11-19,16:40
222,2,C008,2025-11-19,20:10
223,2,C014,2025-11-19,12:30
224,2,C014,2025-11-19,19:50
225,2,C016,2025-11-19,10:00
226,2,C016,2025-11-19,13:30
227,2,C016,2025-11-19,17:00
228,2,C016,2025-11-19,20:30
229,2,C021,2025-11-19,15:20
230,2,C021,2025-11-19,20:40
231,2,C001,2025-11-20,10:10
232,2,C001,2025-11-20,13:40
233,2,C001,202fc-11-20,17:10
234,2,C001,2025-11-20,20:40
235,2,C003,2025-11-20,11:20
236,2,C003,2025-11-20,14:50
237,2,C003,2025-11-20,18:10
238,2,C008,2025-11-20,09:50
239,2,C008,2025-11-20,13:20
240,2,C008,2025-11-20,16:50
241,2,C014,2025-11-20,12:00
242,2,C014,2025-11-20,19:30
243,2,C016,2025-11-20,10:30
244,2,C016,2025-11-20,14:00
245,2,C016,2025-11-20,17:30
246,2,C016,2025-11-20,21:00
247,2,C021,2025-11-20,15:40
248,2,C001,2025-11-21,10:40
249,2,C001,2025-11-21,14:10
250,2,C001,2025-11-21,17:30
251,2,C001,2025-11-21,20:50
252,2,C003,2025-11-21,11:00
253,2,C003,2025-11-21,14:30
254,2,C003,2025-11-21,18:00
255,2,C008,2025-11-21,09:30
256,2,C008,2025-11-21,12:50
257,2,C008,2025-11-21,16:20
258,2,C008,2025-11-21,19:50
259,2,C014,2025-11-21,12:20
260,2,C014,2025-11-21,20:00
261,2,C016,2025-11-21,10:20
262,2,C016,2025-11-21,13:50
263,2,C016,2025-11-21,17:10
264,2,C021,2025-11-21,15:00
265,2,C021,2025-11-21,20:30
266,3,C002,2025-11-16,10:10
267,3,C002,2025-11-16,13:40
268,3,C002,2025-11-16,17:00
269,3,C002,2025-11-16,20:30
270,3,C007,2025-11-16,11:50
271,3,C007,2025-11-16,19:00
272,3,C009,2025-11-16,09:40
273,3,C009,2025-11-16,13:10
274,3,C009,2025-11-16,16:40
275,3,C009,2025-11-16,20:00
276,3,C015,2025-11-16,14:20
277,3,C015,2025-11-16,20:40
278,3,C017,2025-11-16,10:50
279,3,C017,2025-11-16,14:20
280,3,C017,2025-11-16,17:50
281,3,C022,2025-11-16,12:40
282,3,C022,2025-11-16,19:30
283,3,C023,2025-11-16,11:30
284,3,C023,2025-11-16,15:10
285,3,C023,2025-11-16,18:40
286,3,C023,2025-11-16,21:20
287,3,C034,2025-11-16,13:00
288,3,C034,2025-11-16,20:10
289,3,C002,2025-11-17,10:30
290,3,C002,2025-11-17,13:50
291,3,C002,2025-11-17,17:20
292,3,C002,2025-11-17,20:40
293,3,C007,2025-11-17,12:00
294,3,C007,2025-11-17,18:50
295,3,C009,2025-11-17,09:50
296,3,C009,2025-11-17,13:20
297,3,C009,2025-11-17,16:50
298,3,C009,2025-11-17,20:10
299,3,C015,2025-11-17,14:00
300,3,C015,2025-11-17,20:30
301,3,C017,2025-11-17,10:40
302,3,C017,2025-11-17,14:10
303,3,C017,2025-11-17,17:40
304,3,C022,2025-11-17,12:20
305,3,C022,2025-11-17,19:20
306,3,C023,2025-11-17,11:10
307,3,C023,2025-11-17,14:50
308,3,C023,2025-11-17,18:20
309,3,C023,2025-11-17,21:40
310,3,C034,2025-11-17,13:30
311,3,C034,2025-11-17,20:00
312,3,C002,2025-11-18,10:00
313,3,C002,2025-11-18,13:30
314,3,C002,2025-11-18,16:50
315,3,C002,2025-11-18,20:10
316,3,C007,2025-11-18,11:40
317,3,C007,2025-11-18,18:30
318,3,C009,2025-11-18,09:30
319,3,C009,2025-11-18,12:50
320,3,C009,2025-11-18,16:20
321,3,C009,2025-11-18,19:50
322,3,C015,2025-11-18,14:30
323,3,C015,2025-11-18,20:50
324,3,C017,2025-11-18,10:50
325,3,C017,2025-11-18,14:20
326,3,C017,2025-11-18,17:50
327,3,C022,2025-11-18,12:50
328,3,C022,2025-11-18,19:40
329,3,C023,2025-11-18,11:20
330,3,C023,2025-11-18,15:00
331,3,C023,2025-11-18,18:30
332,3,C034,2025-11-18,13:10
333,3,C034,2025-11-18,20:20
334,3,C002,2025-11-19,10:20
335,3,C002,2025-11-19,13:40
336,3,C002,2025-11-19,17:10
337,3,C002,2025-11-19,20:30
338,3,C007,2025-11-19,11:30
339,3,C007,2025-11-19,19:00
340,3,C009,2025-11-19,09:40
341,3,C009,2025-11-19,13:00
342,3,C009,2025-11-19,16:30
343,3,C009,2025-11-19,20:00
344,3,C015,2025-11-19,14:10
345,3,C015,2025-11-19,20:40
346,3,C017,2025-11-19,10:40
347,3,C017,2025-11-19,14:00
348,3,C017,2025-11-19,17:30
349,3,C022,2025-11-19,12:40
350,3,C022,2025-11-19,19:30
351,3,C023,2025-11-19,11:00
352,3,C023,2025-11-19,14:40
353,3,C023,2025-11-19,18:10
354,3,C023,2025-11-19,21:20
355,3,C034,2025-11-19,13:20
356,3,C034,2025-11-19,20:10
357,3,C002,2025-11-20,10:50
358,3,C002,2025-11-20,14:20
359,3,C002,2025-11-20,17:40
360,3,C002,2025-11-20,21:00
361,3,C007,2025-11-20,12:10
362,3,C007,2025-11-20,18:40
363,3,C009,2025-11-20,09:50
364,3,C009,2025-11-20,13:20
365,3,C009,2025-11-20,16:50
366,3,C015,2025-11-20,14:00
367,3,C015,2025-11-20,20:30
368,3,C017,2025-11-20,10:30
369,3,C017,2025-11-20,14:00
370,3,C017,2025-11-20,17:30
371,3,C022,2025-11-20,12:30
372,3,C022,2025-11-20,19:50
373,3,C023,2025-11-20,11:40
374,3,C023,2025-11-20,15:20
375,3,C023,2025-11-20,18:50
376,3,C034,2025-11-20,13:50
377,3,C034,2025-11-20,20:40
378,3,C002,2025-11-21,10:00
379,3,C002,2025-11-21,13:30
380,3,C002,2025-11-21,16:50
381,3,C002,2025-11-21,20:20
382,3,C007,2025-11-21,11:20
383,3,C007,2025-11-21,18:30
384,3,C009,2025-11-21,09:30
385,3,C009,2025-11-21,12:50
386,3,C009,2025-11-21,16:20
387,3,C009,2025-11-21,19:50
388,3,C015,2025-11-21,14:40
389,3,C015,2025-11-21,21:00
390,3,C017,2025-11-21,10:50
391,3,C017,2025-11-21,14:20
392,3,C017,2025-11-21,17:50
393,3,C022,2025-11-21,12:50
394,3,C022,2025-11-21,19:40
395,3,C023,2025-11-21,11:10
396,3,C023,2025-11-21,14:50
397,3,C023,2025-11-21,18:20
398,3,C034,2025-11-21,13:00
399,3,C034,2025-11-21,20:10
400,4,C004,2025-11-16,10:20
401,4,C004,2025-11-16,13:50
402,4,C004,2025-11-16,17:20
403,4,C004,2025-11-16,20:40
404,4,C006,2025-11-16,11:30
405,4,C006,2025-11-16,15:10
406,4,C006,2025-11-16,18:50
407,4,C010,2025-11-16,09:40
408,4,C010,2025-11-16,13:10
409,4,C010,2025-11-16,16:40
410,4,C010,2025-11-16,20:10
411,4,C012,2025-11-16,12:00
412,4,C012,2025-11-16,15:40
413,4,C012,2025-11-16,19:20
414,4,C018,2025-11-16,10:50
415,4,C018,2025-11-16,14:20
416,4,C018,2025-11-16,17:50
417,4,C020,2025-11-16,11:40
418,4,C020,2025-11-16,15:20
419,4,C020,2025-11-16,18:40
420,4,C020,2025-11-16,21:30
421,4,C024,2025-11-16,12:30
422,4,C024,2025-11-16,16:10
423,4,C024,2025-11-16,19:50
424,4,C029,2025-11-16,10:10
425,4,C029,2025-11-16,13:40
426,4,C029,2025-11-16,17:10
427,4,C004,2025-11-17,10:30
428,4,C004,2025-11-17,14:00
429,4,C004,2025-11-17,17:30
430,4,C004,2025-11-17,20:50
431,4,C006,2025-11-17,11:50
432,4,C006,2025-11-17,15:30
433,4,C006,2025-11-17,19:00
434,4,C010,2025-11-17,09:50
435,4,C010,2025-11-17,13:20
436,4,C010,2025-11-17,16:50
437,4,C010,2025-11-17,20:20
438,4,C012,2025-11-17,12:20
439,4,C012,2025-11-17,16:00
440,4,C012,2025-11-17,19:40
441,4,C018,2025-11-17,10:40
442,4,C018,2025-11-17,14:10
443,4,C018,2025-11-17,17:40
444,4,C020,2025-11-17,11:20
445,4,C020,2025-11-17,15:00
446,4,C020,2025-11-17,18:30
447,4,C024,2025-11-17,12:40
448,4,C024,2025-11-17,16:20
449,4,C024,2025-11-17,20:00
450,4,C029,2025-11-17,10:00
451,4,C029,2025-11-17,13:30
452,4,C029,2025-11-17,17:00
453,4,C004,2025-11-18,10:10
454,4,C004,2025-11-18,13:40
455,4,C004,2025-11-18,17:10
456,4,C004,2025-11-18,20:30
457,4,C006,2025-11-18,11:40
458,4,C006,2025-11-18,15:20
459,4,C006,2025-11-18,18:50
460,4,C010,2025-11-18,09:30
461,4,C010,2025-11-18,13:00
462,4,C010,2025-11-18,16:30
463,4,C010,2025-11-18,20:00
464,4,C012,2025-11-18,12:30
465,4,C012,2025-11-18,16:10
466,4,C012,2025-11-18,19:40
467,4,C018,2025-11-18,10:50
468,4,C018,2025-11-18,14:20
469,4,C018,2025-11-18,17:50
470,4,C020,2025-11-18,11:30
471,4,C020,2025-11-18,15:10
472,4,C020,2025-11-18,18:40
473,4,C020,2025-11-18,21:20
474,4,C024,2025-11-18,12:10
475,4,C024,2025-11-18,15:50
476,4,C024,2025-11-18,19:30
477,4,C029,2025-11-18,10:20
478,4,C029,2025-11-18,13:50
479,4,C029,2025-11-18,17:20
480,4,C004,2025-11-19,10:40
481,4,C004,2025-11-19,14:10
482,4,C004,2025-11-19,17:40
483,4,C004,2025-11-19,21:00
484,4,C006,2025-11-19,11:20
485,4,C006,2025-11-19,15:00
486,4,C006,2025-11-19,18:30
487,4,C010,2025-11-19,09:40
488,4,C010,2025-11-19,13:10
489,4,C010,2025-11-19,16:40
490,4,C010,2025-11-19,20:10
491,4,C012,2025-11-19,12:40
492,4,C012,2025-11-19,16:20
493,4,C012,2025-11-19,19:50
494,4,C018,2025-11-19,10:30
495,4,C018,2025-11-19,14:00
496,4,C018,2025-11-19,17:30
497,4,C020,2025-11-19,11:50
498,4,C020,2025-11-19,15:30
499,4,C020,2025-11-19,19:00
500,4,C024,2025-11-19,12:20
501,4,C024,2025-11-19,16:00
502,4,C024,2025-11-19,19:40
503,4,C029,2025-11-19,10:10
504,4,C029,2025-11-19,13:40
505,4,C029,2025-11-19,17:10
506,4,C004,2025-11-20,10:00
507,4,C004,2025-11-20,13:30
508,4,C004,2025-11-20,17:00
509,4,C004,2025-11-20,20:20
510,4,C006,2025-11-20,11:40
511,4,C006,2025-11-20,15:20
512,4,C006,2025-11-20,18:50
513,4,C010,2025-11-20,09:50
514,4,C010,2025-11-20,13:20
515,4,C010,2025-11-20,16:50
516,4,C010,2025-11-20,20:30
517,4,C012,2025-11-20,12:00
518,4,C012,2025-11-20,15:40
519,4,C012,2025-11-20,19:20
520,4,C018,2025-11-20,10:40
521,4,C018,2025-11-20,14:10
522,4,C018,2025-11-20,17:40
523,4,C020,2025-11-20,11:30
524,4,C020,2025-11-20,15:10
525,4,C020,2025-11-20,18:40
526,4,C024,2025-11-20,12:50
527,4,C024,2025-11-20,16:30
528,4,C024,2025-11-20,20:00
529,4,C029,2025-11-20,10:20
530,4,C029,2025-11-20,13:50
531,4,C029,2025-11-20,17:20
532,4,C004,2025-11-21,10:30
533,4,C004,2025-11-21,14:00
534,4,C004,2025-11-21,17:30
535,4,C004,2025-11-21,20:50
536,4,C006,2025-11-21,11:10
537,4,C006,2025-11-21,14:50
538,4,C006,2025-11-21,18:20
539,4,C010,2025-11-21,09:30
540,4,C010,2025-11-21,13:00
541,4,C010,2025-11-21,16:30
542,4,C010,2025-11-21,20:00
543,4,C012,2025-11-21,12:10
544,4,C012,2025-11-21,15:50
545,4,C012,2025-11-21,19:30
546,4,C018,2025-11-21,10:50
547,4,C018,2025-11-21,14:20
548,4,C018,2025-11-21,17:50
549,4,C020,2025-11-21,11:40
550,4,C020,2025-11-21,15:20
551,4,C020,2025-11-21,18:50
552,4,C024,2025-11-21,12:40
553,4,C024,2025-11-21,16:20
554,4,C024,2025-11-21,20:10
555,4,C029,2025-11-21,10:00
556,4,C029,2025-11-21,13:30
557,4,C029,2025-11-21,17:00
558,5,C005,2025-11-16,09:40
559,5,C005,2025-11-16,13:10
560,5,C005,2025-11-16,16:40
561,5,C005,2025-11-16,20:10
562,5,C007,2025-11-16,14:30
563,5,C007,2025-11-16,20:00
564,5,C011,2025-11-16,10:50
565,5,C011,2025-11-16,14:20
566,5,C011,2025-11-16,17:50
567,5,C014,2025-11-16,12:00
568,5,C014,2025-11-16,19:20
569,5,C019,2025-11-16,11:30
570,5,C019,2025-11-16,15:10
571,5,C019,2025-11-16,18:40
572,5,C021,2025-11-16,16:00
573,5,C021,2025-11-16,20:30
574,5,C026,2025-11-16,10:20
575,5,C026,2025-11-16,13:50
576,5,C026,2025-11-16,17:20
577,5,C028,2025-11-16,11:40
578,5,C028,2025-11-16,15:20
579,5,C028,2025-11-16,18:50
580,5,C028,2025-11-16,21:30
581,5,C005,2025-11-17,09:50
582,5,C005,2025-11-17,13:20
583,5,C005,2025-11-17,16:50
584,5,C005,2025-11-17,20:20
585,5,C007,2025-11-17,14:40
586,5,C007,2025-11-17,20:10
587,5,C011,2025-11-17,10:40
588,5,C011,2025-11-17,14:10
589,5,C011,2025-11-17,17:40
590,5,C014,2025-11-17,12:20
591,5,C014,2025-11-17,19:40
592,5,C019,2025-11-17,11:20
593,5,C019,2025-11-17,15:00
594,5,C019,2025-11-17,18:30
595,5,C021,2025-11-17,15:50
596,5,C021,2025-11-17,20:50
597,5,C026,2025-11-17,10:10
598,5,C026,2025-11-17,13:40
599,5,C026,2025-11-17,17:10
600,5,C028,2025-11-17,11:50
601,5,C028,2025-11-17,15:30
602,5,C028,2025-11-17,19:00
603,5,C005,2025-11-18,09:30
604,5,C005,2025-11-18,13:00
605,5,C005,2025-11-18,16:30
606,5,C005,2025-11-18,20:00
607,5,C007,2025-11-18,14:20
608,5,C007,2025-11-18,19:50
609,5,C011,2025-11-18,10:50
610,5,C011,2025-11-18,14:20
611,5,C011,2025-11-18,17:50
612,5,C014,2025-11-18,12:40
613,5,C014,2025-11-18,20:10
614,5,C019,2025-11-18,11:40
615,5,C019,2025-11-18,15:20
616,5,C019,2025-11-18,18:50
617,5,C021,2025-11-18,16:10
618,5,C021,2025-11-18,20:40
619,5,C026,2025-11-18,10:30
620,5,C026,2025-11-18,14:00
621,5,C026,2025-11-18,17:30
622,5,C028,2025-11-18,11:10
623,5,C028,2025-11-18,14:50
624,5,C028,2025-11-18,18:20
625,5,C028,2025-11-18,21:20
626,5,C005,2025-11-19,09:40
627,5,C005,2025-11-19,13:10
628,5,C005,2025-11-19,16:40
629,5,C005,2025-11-19,20:10
630,5,C007,2025-11-19,14:50
631,5,C007,2025-11-19,20:20
632,5,C011,2025-11-19,10:20
633,5,C011,2025-11-19,13:50
634,5,C011,2025-11-19,17:20
635,5,C014,2025-11-19,12:10
636,5,C014,2025-11-19,19:30
637,5,C019,2025-11-19,11:30
638,5,C019,2025-11-19,15:10
639,5,C019,2025-11-19,18:40
640,5,C021,2025-11-19,15:40
641,5,C021,2025-11-19,20:50
642,5,C026,2025-11-19,10:40
643,5,C026,2025-11-19,14:10
644,5,C026,2025-11-19,17:40
645,5,C028,2025-11-19,11:50
646,5,C028,2025-11-19,15:30
647,5,C028,2025-11-19,19:00
648,5,C005,2025-11-20,09:50
649,5,C005,2025-11-20,13:20
650,5,C005,2025-11-20,16:50
651,5,C005,2025-11-20,20:20
652,5,C007,2025-11-20,14:30
653,5,C007,2025-11-20,20:00
654,5,C011,2025-11-20,10:30
655,5,C011,2025-11-20,14:00
656,5,C011,2025-11-20,17:30
657,5,C014,2025-11-20,12:30
658,5,C014,2025-11-20,19:50
659,5,C019,2025-11-20,11:20
660,5,C019,2025-11-20,15:00
661,5,C019,2025-11-20,18:30
662,5,C021,2025-11-20,16:20
663,5,C021,2025-11-20,20:40
664,5,C026,2025-11-20,10:10
665,5,C026,2025-11-20,13:40
666,5,C026,2025-11-20,17:10
667,5,C028,2025-11-20,11:40
668,5,C028,2025-11-20,15:20
669,5,C028,2025-11-20,18:50
670,5,C005,2025-11-21,09:30
671,5,C005,2025-11-21,13:00
672,5,C005,2025-11-21,16:30
673,5,C005,2025-11-21,20:00
674,5,C007,2025-11-21,14:40
675,5,C007,2025-11-21,20:10
676,5,C011,2025-11-21,10:50
677,5,C011,2025-11-21,14:20
678,5,C011,2025-11-21,17:50
679,5,C014,2025-11-21,12:00
680,5,C014,2025-11-21,19:20
681,5,C019,2025-11-21,11:10
682,5,C019,2025-11-21,14:50
683,5,C019,2025-11-21,18:20
684,5,C021,2025-11-21,15:30
685,5,C021,2025-11-21,20:50
686,5,C026,2025-11-21,10:40
687,5,C026,2025-11-21,14:10
688,5,C026,2025-11-21,17:40
689,5,C028,2025-11-21,11:30
690,5,C028,2025-11-21,15:10
691,5,C028,2025-11-21,18:40
692,5,C028,2025-11-21,21:20
693,6,C003,2025-11-16,12:10
694,6,C003,2025-11-16,15:40
695,6,C003,2025-11-16,19:10
696,6,C006,2025-11-16,10:20
697,6,C006,2025-11-16,13:50
698,6,C006,2025-11-16,17:20
699,6,C006,2025-11-16,20:50
700,6,C009,2025-11-16,11:30
701,6,C009,2025-11-16,15:00
702,6,C009,2025-11-16,18:30
703,6,C013,2025-11-16,10:40
704,6,C013,2025-11-16,14:10
705,6,C013,2025-11-16,17:40
706,6,C013,2025-11-16,21:10
707,6,C016,2025-11-16,12:40
708,6,C016,2025-11-16,16:20
709,6,C016,2025-11-16,19:50
710,6,C018,2025-11-16,09:50
711,6,C018,2025-11-16,13:20
712,6,C018,2025-11-16,16:50
713,6,C025,2025-11-16,11:10
714,6,C025,2025-11-16,14:50
715,6,C025,2025-11-16,18:20
716,6,C027,2025-11-16,10:30
717,6,C027,2025-11-16,14:00
718,6,C027,2025-11-16,17:30
719,6,C027,2025-11-16,21:00
720,6,C030,2025-11-16,12:20
721,6,C030,2025-11-16,16:00
722,6,C030,2025-11-16,19:30
723,6,C034,2025-11-16,14:30
724,6,C034,2025-11-16,20:00
725,6,C003,2025-11-17,12:30
726,6,C003,2025-11-17,16:00
727,6,C003,2025-11-17,19:30
728,6,C006,2025-11-17,10:10
729,6,C006,2025-11-17,13:40
730,6,C006,2025-11-17,17:10
731,6,C006,2025-11-17,20:40
732,6,C009,2025-11-17,11:40
733,6,C009,2025-11-17,15:20
734,6,C009,2025-11-17,18:50
735,6,C013,2025-11-17,10:50
736,6,C013,2025-11-17,14:20
737,6,C013,2025-11-17,17:50
738,6,C013,2025-11-17,21:20
739,6,C016,2025-11-17,12:00
740,6,C016,2025-11-17,15:40
741,6,C016,2025-11-17,19:10
742,6,C018,2025-11-17,09:40
743,6,C018,2025-11-17,13:10
744,6,C018,2025-11-17,16:40
745,6,C025,2025-11-17,11:20
746,6,C025,2025-11-17,15:00
747,6,C025,2025-11-17,18:30
748,6,C027,2025-11-17,10:40
749,6,C027,2025-11-17,14:10
750,6,C027,2025-11-17,17:40
751,6,C030,2025-11-17,12:50
752,6,C030,2025-11-17,16:30
753,6,C030,2025-11-17,20:00
754,6,C034,2025-11-17,14:40
755,6,C034,2025-11-17,20:10
756,6,C003,2025-11-18,12:20
757,6,C003,2025-11-18,15:50
758,6,C003,2025-11-18,19:20
759,6,C006,2025-11-18,10:30
760,6,C006,2025-11-18,14:00
761,6,C006,2025-11-18,17:30
762,6,C006,2025-11-18,21:00
763,6,C009,2025-11-18,11:10
764,6,C009,2025-11-18,14:40
765,6,C009,2025-11-18,18:10
766,6,C013,2025-11-18,10:20
767,6,C013,2025-11-18,13:50
768,6,C013,2025-11-18,17:20
769,6,C013,2025-11-18,20:50
770,6,C016,2025-11-18,12:40
771,6,C016,2025-11-18,16:20
772,6,C016,2025-11-18,19:50
773,6,C018,2025-11-18,09:50
774,6,C018,2025-11-18,13:20
775,6,C018,2025-11-18,16:50
776,6,C025,2025-11-18,11:30
777,6,C025,2025-11-18,15:10
778,6,C025,2025-11-18,18:40
779,6,C027,2025-11-18,10:50
780,6,C027,2025-11-18,14:20
781,6,C027,2025-11-18,17:50
782,6,C030,2025-11-18,12:10
783,6,C030,2025-11-18,15:50
784,6,C030,2025-11-18,19:20
785,6,C034,2025-11-18,14:50
786,6,C034,2025-11-18,20:20
787,6,C003,2025-11-19,12:00
788,6,C003,2025-11-19,15:30
789,6,C003,2025-11-19,19:00
790,6,C006,2025-11-19,10:40
791,6,C006,2025-11-19,14:10
792,6,C006,2025-11-19,17:40
793,6,C006,2025-11-19,21:10
794,6,C009,2025-11-19,11:20
795,6,C009,2025-11-19,14:50
796,6,C009,2025-11-19,18:20
797,6,C013,2025-11-19,10:10
798,6,C013,2025-11-19,13:40
799,6,C013,2025-11-19,17:10
800,6,C013,2025-11-19,20:40
801,6,C016,2025-11-19,12:30
802,6,C016,2025-11-19,16:10
803,6,C016,2025-11-19,19:40
804,6,C018,2025-11-19,09:40
805,6,C018,2025-11-19,13:10
806,6,C018,2025-11-19,16:40
807,6,C025,2025-11-19,11:40
808,6,C025,2025-11-19,15:20
809,6,C025,2025-11-19,18:50
810,6,C027,2025-11-19,10:30
811,6,C027,2025-11-19,14:00
812,6,C027,2025-11-19,17:30
813,6,C030,2025-11-19,12:20
814,6,C030,2025-11-19,16:00
815,6,C030,2025-11-19,19:30
816,6,C034,2025-11-19,14:20
817,6,C034,2025-11-19,20:00
818,6,C003,2025-11-20,12:50
819,6,C003,2025-11-20,16:30
820,6,C003,2025-11-20,20:00
821,6,C006,2025-11-20,10:20
822,6,C006,2025-11-20,13:50
823,6,C006,2025-11-20,17:20
824,6,C006,2025-11-20,20:50
825,6,C009,2025-11-20,11:10
826,6,C009,2025-11-20,14:40
827,6,C009,2025-11-20,18:10
828,6,C013,2025-11-20,10:50
829,6,C013,2025-11-20,14:20
830,6,C013,2025-11-20,17:50
831,6,C013,2025-11-20,21:20
832,6,C016,2025-11-20,12:00
833,6,C016,2025-11-20,15:40
834,6,C016,2025-11-20,19:10
835,6,C018,2025-11-20,09:50
836,6,C018,2025-11-20,13:20
837,6,C018,2025-11-20,16:50
838,6,C025,2025-11-20,11:30
839,6,C025,2025-11-20,15:10
840,6,C025,2025-11-20,18:40
841,6,C027,2025-11-20,10:40
842,6,C027,2025-11-20,14:10
843,6,C027,2025-11-20,17:40
844,6,C030,2025-11-20,12:40
845,6,C030,2025-11-20,16:20
846,6,C030,2025-11-20,19:50
847,6,C034,2025-11-20,14:50
848,6,C034,2025-11-20,20:20
849,6,C003,2025-11-21,12:10
850,6,C003,2025-11-21,15:40
851,6,C003,2025-11-21,19:10
852,6,C006,2025-11-21,10:30
853,6,C006,2025-11-21,14:00
854,6,C006,2025-11-21,17:30
855,6,C006,2025-11-21,21:00
856,6,C009,2025-11-21,11:20
857,6,C009,2025-11-21,14:50
858,6,C009,2025-11-21,18:20
859,6,C013,2025-11-21,10:20
860,6,C013,2025-11-21,13:50
861,6,C013,2025-11-21,17:20
862,6,C013,2025-11-21,20:50
863,6,C016,2025-11-21,12:30
864,6,C016,2025-11-21,16:10
865,6,C016,2025-11-21,19:40
866,6,C018,2025-11-21,09:40
867,6,C018,2025-11-21,13:10
868,6,C018,2025-11-21,16:40
869,6,C025,2025-11-21,11:40
870,6,C025,2025-11-21,15:20
871,6,C025,2025-11-21,18:50
872,6,C027,2025-11-21,10:50
873,6,C027,2025-11-21,14:20
874,6,C027,2025-11-21,17:50
875,6,C030,2025-11-21,12:00
876,6,C030,2025-11-21,15:40
877,6,C030,2025-11-21,19:10
878,6,C034,2025-11-21,14:40
879,6,C034,2025-11-21,20:10
880,7,C001,2025-11-16,15:20
881,7,C001,2025-11-16,18:50
882,7,C007,2025-11-16,12:30
883,7,C007,2025-11-16,16:00
884,7,C007,2025-11-16,21:10
885,7,C010,2025-11-16,10:40
886,7,C010,2025-11-16,14:10
887,7,C010,2025-11-16,17:40
888,7,C015,2025-11-16,11:50
889,7,C015,2025-11-16,15:30
890,7,C015,2025-11-16,19:00
891,7,C017,2025-11-16,09:50
892,7,C017,2025-11-16,13:20
893,7,C017,2025-11-16,16:50
894,7,C017,2025-11-16,20:20
895,7,C022,2025-11-16,14:40
896,7,C022,2025-11-16,20:50
897,7,C024,2025-11-16,10:50
898,7,C024,2025-11-16,14:20
899,7,C024,2025-11-16,17:50
900,7,C029,2025-11-16,11:30
901,7,C029,2025-11-16,15:10
902,7,C029,2025-11-16,18:40
903,7,C029,2025-11-16,21:30
904,7,C032,2025-11-16,12:40
905,7,C032,2025-11-16,16:20
906,7,C032,2025-11-16,19:50
907,7,C034,2025-11-16,17:30
908,7,C001,2025-11-17,15:00
909,7,C001,2025-11-17,18:30
910,7,C007,2025-11-17,12:50
911,7,C007,2025-11-17,16:20
912,7,C007,2025-11-17,21:20
913,7,C010,2025-11-17,10:30
914,7,C010,2025-11-17,14:00
915,7,C010,2025-11-17,17:30
916,7,C015,2025-11-17,11:40
917,7,C015,2025-11-17,15:20
918,7,C015,2025-11-17,19:00
919,7,C017,2025-11-17,09:40
920,7,C017,2025-11-17,13:10
921,7,C017,2025-11-17,16:40
922,7,C017,2025-11-17,20:10
923,7,C022,2025-11-17,14:20
924,7,C022,2025-11-17,20:40
925,7,C024,2025-11-17,10:50
926,7,C024,2025-11-17,14:30
927,7,C024,2025-11-17,18:00
928,7,C029,2025-11-17,11:20
929,7,C029,2025-11-17,15:00
930,7,C029,2025-11-17,18:30
931,7,C032,2025-11-17,12:30
932,7,C032,2025-11-17,16:10
933,7,C032,2025-11-17,19:40
934,7,C034,2025-11-17,17:50
935,7,C001,2025-11-18,15:30
936,7,C001,2025-11-18,19:00
937,7,C007,2025-11-18,12:40
938,7,C007,2025-11-18,16:10
939,7,C007,2025-11-18,21:00
940,7,C010,2025-11-18,10:20
941,7,C010,2025-11-18,13:50
942,7,C010,2025-11-18,17:20
943,7,C015,2025-11-18,11:30
944,7,C015,2025-11-18,15:10
945,7,C015,2025-11-18,18:40
946,7,C017,2025-11-18,09:50
947,7,C017,2025-11-18,13:20
948,7,C017,2025-11-18,16:50
949,7,C017,2025-11-18,20:20
950,7,C022,2025-11-18,14:50
951,7,C022,2025-11-18,21:10
952,7,C024,2025-11-18,10:40
953,7,C024,2025-11-18,14:10
954,7,C024,2025-11-18,17:40
955,7,C029,2025-11-18,11:40
956,7,C029,2025-11-18,15:20
957,7,C029,2025-11-18,18:50
958,7,C029,2025-11-18,21:30
959,7,C032,2025-11-18,12:20
960,7,C032,2025-11-18,16:00
961,7,C032,2025-11-18,19:30
962,7,C034,2025-11-18,17:20
963,7,C001,2025-11-19,15:10
964,7,C001,2025-11-19,18:40
965,7,C007,2025-11-19,12:20
966,7,C007,2025-11-19,15:50
967,7,C007,2025-11-19,20:50
968,7,C010,2025-11-19,10:50
969,7,C010,2025-11-19,14:20
970,7,C010,2025-11-19,17:50
971,7,C015,2025-11-19,11:20
972,7,C015,2025-11-19,15:00
973,7,C015,2025-11-19,18:30
974,7,C017,2025-11-19,09:40
975,7,C017,2025-11-19,13:10
976,7,C017,2025-11-19,16:40
977,7,C017,2025-11-19,20:10
978,7,C022,2025-11-19,14:30
979,7,C022,2025-11-19,20:40
980,7,C024,2025-11-19,10:30
981,7,C024,2025-11-19,14:00
982,7,C024,2025-11-19,17:30
983,7,C029,2025-11-19,11:50
984,7,C029,2025-11-19,15:30
985,7,C029,2025-11-19,19:00
986,7,C032,2025-11-19,12:50
987,7,C032,2025-11-19,16:30
988,7,C032,2025-11-19,20:00
989,7,C034,2025-11-19,17:40
990,7,C001,2025-11-20,15:40
991,7,C001,2025-11-20,19:10
992,7,C007,2025-11-20,12:10
993,7,C007,2025-11-20,15:40
994,7,C007,2025-11-20,20:40
995,7,C010,2025-11-20,10:40
996,7,C010,2025-11-20,14:10
997,7,C010,2025-11-20,17:40
998,7,C015,2025-11-20,11:30
999,7,C015,2025-11-20,15:10
1000,7,C015,2025-11-20,18:40
1001,7,C017,2025-11-20,09:50
1002,7,C017,2025-11-20,13:20
1003,7,C017,2025-11-20,16:50
1004,7,C017,2025-11-20,20:20
1005,7,C022,2025-11-20,14:20
1006,7,C022,2025-11-20,20:50
1007,7,C024,2025-11-20,10:50
1008,7,C024,2025-11-20,14:30
1009,7,C024,2025-11-20,18:00
1010,7,C029,2025-11-20,11:40
1011,7,C029,2025-11-20,15:20
1012,7,C029,2025-11-20,18:50
1013,7,C029,2025-11-20,21:30
1014,7,C032,2025-11-20,12:30
1015,7,C032,2025-11-20,16:10
1016,7,C032,2025-11-20,19:40
1017,7,C034,2025-11-20,17:50
1018,7,C001,2025-11-21,15:00
1019,7,C001,2025-11-21,18:30
1020,7,C007,2025-11-21,12:40
1021,7,C007,2025-11-21,16:10
1022,7,C007,2025-11-21,21:00
1023,7,C010,2025-11-21,10:30
1024,7,C010,2025-11-21,14:00
1025,7,C010,2025-11-21,17:30
1026,7,C015,2025-11-21,11:50
1027,7,C015,2025-11-21,15:30
1028,7,C015,2025-11-21,19:00
1029,7,C017,2025-11-21,09:40
1030,7,C017,2025-11-21,13:10
1031,7,C017,2025-11-21,16:40
1032,7,C017,2025-11-21,20:10
1033,7,C022,2025-11-21,14:50
1034,7,C022,2025-11-21,21:10
1035,7,C024,2025-11-21,10:40
1036,7,C024,2025-11-21,14:10
1037,7,C024,2025-11-21,17:40
1038,7,C029,2025-11-21,11:20
1039,7,C029,2025-11-21,15:00
1040,7,C029,2025-11-21,18:30
1041,7,C032,2025-11-21,12:20
1042,7,C032,2025-11-21,16:00
1043,7,C032,2025-11-21,19:30
1044,7,C034,2025-11-21,17:20
1045,2,C001,2025-11-22,10:10
1046,2,C001,2025-11-22,13:30
1047,2,C001,2025-11-22,16:50
1048,2,C001,2025-11-22,20:20
1049,2,C003,2025-11-22,11:20
1050,2,C003,2025-11-22,14:40
1051,2,C003,2025-11-22,18:10
1052,2,C003,2025-11-22,21:30
1053,2,C008,2025-11-22,09:50
1054,2,C008,2025-11-22,13:20
1055,2,C008,2025-11-22,16:40
1056,2,C014,2025-11-22,12:00
1057,2,C014,2025-11-22,19:40
1058,2,C016,2025-11-22,10:40
1059,2,C016,2025-11-22,14:10
1060,2,C016,2025-11-22,17:30
1061,2,C016,2025-11-22,20:50
1062,2,C021,2025-11-22,15:20
1063,2,C021,2025-11-22,20:40
1064,2,C001,2025-11-23,10:30
1065,2,C001,2025-11-23,13:50
1066,2,C001,2025-11-23,17:20
1067,2,C001,2025-11-23,20:40
1068,2,C003,2025-11-23,11:00
1069,2,C003,2025-11-23,14:30
1070,2,C003,2025-11-23,18:00
1071,2,C008,2025-11-23,09:40
1072,2,C008,2025-11-23,13:10
1073,2,C008,2025-11-23,16:50
1074,2,C008,2025-11-23,20:10
1075,2,C014,2025-11-23,12:30
1076,2,C014,2025-11-23,19:50
1077,2,C016,2025-11-23,10:20
1078,2,C016,2025-11-23,13:40
1079,2,C016,2025-11-23,17:00
1080,2,C016,2025-11-23,20:30
1081,2,C021,2025-11-23,15:00
1082,2,C021,2025-11-23,20:20
1083,2,C001,2025-11-24,10:50
1084,2,C001,2025-11-24,14:10
1085,2,C001,2025-11-24,17:40
1086,2,C001,2025-11-24,21:00
1087,2,C003,2025-11-24,11:30
1088,2,C003,2025-11-24,15:00
1089,2,C003,2025-11-24,18:20
1090,2,C008,2025-11-24,09:30
1091,2,C008,2025-11-24,12:50
1092,2,C008,2025-11-24,16:20
1093,2,C008,2025-11-24,19:40
1094,2,C014,2025-11-24,14:00
1095,2,C014,2025-11-24,20:30
1096,2,C016,2025-11-24,10:10
1097,2,C016,2025-11-24,13:50
1098,2,C016,2025-11-24,17:10
1099,2,C021,2025-11-24,15:40
1100,2,C021,2025-11-24,20:50
1101,2,C001,2025-11-25,10:20
1102,2,C001,2025-11-25,13:40
1103,2,C001,2025-11-25,17:00
1104,2,C001,2025-11-25,20:30
1105,2,C003,2025-11-25,11:10
1106,2,C003,2025-11-25,14:30
1107,2,C003,2025-11-25,18:00
1108,2,C008,2025-11-25,09:50
1109,2,C008,2025-11-25,13:20
1110,2,C008,2025-11-25,16:40
1111,2,C008,2025-11-25,20:00
1112,2,C014,2025-11-25,12:20
1113,2,C014,2025-11-25,19:30
1114,2,C016,2025-11-25,10:40
1115,2,C016,2025-11-25,14:10
1116,2,C016,2025-11-25,17:30
1117,2,C021,2025-11-25,15:10
1118,2,C021,2025-11-25,20:40
1119,2,C001,2025-11-26,10:40
1120,2,C001,2025-11-26,14:00
1121,2,C001,2025-11-26,17:20
1122,2,C001,2025-11-26,20:50
1123,2,C003,2025-11-26,11:20
1124,2,C003,2025-11-26,14:50
1125,2,C003,2025-11-26,18:10
1126,2,C008,2025-11-26,09:40
1127,2,C008,2025-11-26,13:10
1128,2,C008,2025-11-26,16:30
1129,2,C008,2025-11-26,19:50
1130,2,C014,2025-11-26,12:00
1131,2,C014,2025-11-26,19:40
1132,2,C016,2025-11-26,10:30
1133,2,C016,2025-11-26,14:00
1134,2,C016,2025-11-26,17:30
1135,2,C016,2025-11-26,21:00
1136,2,C021,2025-11-26,15:30
1137,2,C001,2025-11-27,10:10
1138,2,C001,2025-11-27,13:40
1139,2,C001,2025-11-27,17:00
1140,2,C001,2025-11-27,20:20
1141,2,C003,2025-11-27,11:00
1142,2,C003,2025-11-27,14:30
1143,2,C003,2025-11-27,17:50
1144,2,C008,2025-11-27,09:50
1145,2,C008,2025-11-27,13:20
1146,2,C008,2025-11-27,16:50
1147,2,C008,2025-11-27,20:10
1148,2,C014,2025-11-27,12:40
1149,2,C014,2025-11-27,20:00
1150,2,C016,2025-11-27,10:50
1151,2,C016,2025-11-27,14:20
1152,2,C016,2025-11-27,17:40
1153,2,C021,2025-11-27,15:00
1154,2,C021,2025-11-27,20:30
1155,2,C001,2025-11-28,10:30
1156,2,C001,2025-11-28,13:50
1157,2,C001,2025-11-28,17:10
1158,2,C001,2025-11-28,20:40
1159,2,C003,2025-11-28,11:30
1160,2,C003,2025-11-28,15:00
1161,2,C003,2025-11-28,18:20
1162,2,C008,2025-11-28,09:30
1163,2,C008,2025-11-28,12:50
1164,2,C008,2025-11-28,16:20
1165,2,C008,2025-11-28,19:40
1166,2,C014,2025-11-28,14:10
1167,2,C014,2025-11-28,20:30
1168,2,C016,2025-11-28,10:20
1169,2,C016,2025-11-28,13:40
1170,2,C016,2025-11-28,17:00
1171,2,C021,2025-11-28,15:50
1172,2,C021,2025-11-28,20:50
1173,3,C002,2025-11-22,10:20
1174,3,C002,2025-11-22,13:40
1175,3,C002,2025-11-22,17:10
1176,3,C002,2025-11-22,20:30
1177,3,C007,2025-11-22,11:40
1178,3,C007,2025-11-22,18:50
1179,3,C009,2025-11-22,09:40
1180,3,C009,2025-11-22,13:10
1181,3,C009,2025-11-22,16:40
1182,3,C009,2025-11-22,20:00
1183,3,C015,2025-11-22,14:30
1184,3,C015,2025-11-22,20:50
1185,3,C017,2025-11-22,10:50
1186,3,C017,2025-11-22,14:20
1187,3,C017,2025-11-22,17:40
1188,3,C022,2025-11-22,12:10
1189,3,C022,2025-11-22,19:20
1190,3,C023,2025-11-22,11:20
1191,3,C023,2025-11-22,15:00
1192,3,C023,2025-11-22,18:30
1193,3,C023,2025-11-22,21:40
1194,3,C034,2025-11-22,13:00
1195,3,C034,2025-11-22,20:10
1196,3,C002,2025-11-23,10:00
1197,3,C002,2025-11-23,13:30
1198,3,C002,2025-11-23,16:50
1199,3,C002,2025-11-23,20:20
1200,3,C007,2025-11-23,11:50
1201,3,C007,2025-11-23,19:00
1202,3,C009,2025-11-23,09:50
1203,3,C009,2025-11-23,13:20
1204,3,C009,2025-11-23,16:50
1205,3,C009,2025-11-23,20:10
1206,3,C015,2025-11-23,14:00
1207,3,C015,2025-11-23,20:30
1208,3,C017,2025-11-23,10:40
1209,3,C017,2025-11-23,14:10
1210,3,C017,2025-11-23,17:40
1211,3,C022,2025-11-23,12:40
1212,3,C022,2025-11-23,19:40
1213,3,C023,2025-11-23,11:10
1214,3,C023,2025-11-23,14:50
1215,3,C023,2025-11-23,18:20
1216,3,C034,2025-11-23,13:20
1217,3,C034,2025-11-23,20:00
1218,3,C002,2025-11-24,10:30
1219,3,C002,2025-11-24,13:50
1220,3,C002,2025-11-24,17:20
1221,3,C002,2025-11-24,20:40
1222,3,C007,2025-11-24,12:00
1223,3,C007,2025-11-24,18:40
1224,3,C009,2025-11-24,09:30
1225,3,C009,2025-11-24,12:50
1226,3,C009,2025-11-24,16:20
1227,3,C009,2025-11-24,19:50
1228,3,C015,2025-11-24,14:20
1229,3,C015,2025-11-24,20:50
1230,3,C017,2025-11-24,10:50
1231,3,C017,2025-11-24,14:20
1232,3,C017,2025-11-24,17:50
1233,3,C022,2025-11-24,12:30
1234,3,C022,2025-11-24,19:30
1235,3,C023,2025-11-24,11:40
1236,3,C023,2025-11-24,15:10
1237,3,C023,2025-11-24,18:40
1238,3,C034,2025-11-24,13:10
1239,3,C034,2025-11-24,20:20
1240,3,C002,2025-11-25,10:10
1241,3,C002,2025-11-25,13:40
1242,3,C002,2025-11-25,17:00
1243,3,C002,2025-11-25,20:30
1244,3,C007,2025-11-25,11:30
1245,3,C007,2025-11-25,18:50
1246,3,C009,2025-11-25,09:40
1247,3,C009,2025-11-25,13:00
1248,3,C009,2025-11-25,16:30
1249,3,C009,2025-11-25,20:00
1250,3,C015,2025-11-25,14:40
1251,3,C015,2025-11-25,21:00
1252,3,C017,2025-11-25,10:40
1253,3,C017,2025-11-25,14:10
1254,3,C017,2025-11-25,17:40
1255,3,C022,2025-11-25,12:20
1256,3,C022,2025-11-25,19:20
1257,3,C023,2025-11-25,11:00
1258,3,C023,2025-11-25,14:40
1259,3,C023,2025-11-25,18:10
1260,3,C023,2025-11-25,21:20
1261,3,C034,2025-11-25,13:30
1262,3,C034,2025-11-25,20:10
1263,3,C002,2025-11-26,10:50
1264,3,C002,2025-11-26,14:20
1265,3,C002,2025-11-26,17:40
1266,3,C002,2025-11-26,21:00
1267,3,C007,2025-11-26,12:10
1268,3,C007,2025-11-26,19:10
1269,3,C009,2025-11-26,09:50
1270,3,C009,2025-11-26,13:20
1271,3,C009,2025-11-26,16:50
1272,3,C015,2025-11-26,14:00
1273,3,C015,2025-11-26,20:30
1274,3,C017,2025-11-26,10:30
1275,3,C017,2025-11-26,14:00
1276,3,C017,2025-11-26,17:30
1277,3,C022,2025-11-26,12:50
1278,3,C022,2025-11-26,19:50
1279,3,C023,2025-11-26,11:30
1280,3,C023,2025-11-26,15:20
1281,3,C023,2025-11-26,18:50
1282,3,C034,2025-11-26,13:40
1283,3,C034,2025-11-26,20:40
1284,3,C002,2025-11-27,10:00
1285,3,C002,2025-11-27,13:30
1286,3,C002,2025-11-27,16:50
1287,3,C002,2025-11-27,20:20
1288,3,C007,2025-11-27,11:20
1289,3,C007,2025-11-27,18:30
1290,3,C009,2025-11-27,09:30
1291,3,C009,2025-11-27,12:50
1292,3,C009,2025-11-27,16:20
1293,3,C009,2025-11-27,19:50
1294,3,C015,2025-11-27,14:30
1295,3,C015,2025-11-27,20:50
1296,3,C017,2025-11-27,10:50
1297,3,C017,2025-11-27,14:20
1298,3,C017,2025-11-27,17:50
1299,3,C022,2025-11-27,12:40
1300,3,C022,2025-11-27,19:40
1301,3,C023,2025-11-27,11:10
1302,3,C023,2025-11-27,14:50
1303,3,C023,2025-11-27,18:20
1304,3,C034,2025-11-27,13:00
1305,3,C034,2025-11-27,20:10
1306,3,C002,2025-11-28,10:40
1307,3,C002,2025-11-28,14:00
1308,3,C002,2025-11-28,17:30
1309,3,C002,2025-11-28,20:50
1310,3,C007,2025-11-28,11:40
1311,3,C007,2025-11-28,18:40
1312,3,C009,2025-11-28,09:40
1313,3,C009,2025-11-28,13:10
1314,3,C009,2025-11-28,16:40
1315,3,C009,2025-11-28,20:10
1316,3,C015,2025-11-28,14:20
1317,3,C015,2025-11-28,20:40
1318,3,C017,2025-11-28,10:30
1319,3,C017,2025-11-28,14:00
1320,3,C017,2025-11-28,17:30
1321,3,C022,2025-11-28,12:30
1322,3,C022,2025-11-28,19:30
1323,3,C023,2025-11-28,11:50
1324,3,C023,2025-11-28,15:30
1325,3,C023,2025-11-28,19:00
1326,3,C034,2025-11-28,13:50
1327,3,C034,2025-11-28,20:50
1328,4,C004,2025-11-22,10:30
1329,4,C004,2025-11-22,14:00
1330,4,C004,2025-11-22,17:30
1331,4,C004,2025-11-22,20:50
1332,4,C006,2025-11-22,11:40
1333,4,C006,2025-11-22,15:20
1334,4,C006,2025-11-22,18:50
1335,4,C010,2025-11-22,09:50
1336,4,C010,2025-11-22,13:20
1337,4,C010,2025-11-22,16:50
1338,4,C010,2025-11-22,20:20
1339,4,C012,2025-11-22,12:10
1340,4,C012,2025-11-22,15:50
1341,4,C012,2025-11-22,19:30
1342,4,C018,2025-11-22,10:40
1343,4,C018,2025-11-22,14:10
1344,4,C018,2025-11-22,17:40
1345,4,C020,2025-11-22,11:30
1346,4,C020,2025-11-22,15:10
1347,4,C020,2025-11-22,18:40
1348,4,C020,2025-11-22,21:30
1349,4,C024,2025-11-22,12:40
1350,4,C024,2025-11-22,16:20
1351,4,C024,2025-11-22,20:00
1352,4,C029,2025-11-22,10:20
1353,4,C029,2025-11-22,13:50
1354,4,C029,2025-11-22,17:20
1355,4,C004,2025-11-23,10:10
1356,4,C004,2025-11-23,13:40
1357,4,C004,2025-11-23,17:10
1358,4,C004,2025-11-23,20:30
1359,4,C006,2025-11-23,11:20
1360,4,C006,2025-11-23,15:00
1361,4,C006,2025-11-23,18:30
1362,4,C010,2025-11-23,09:40
1363,4,C010,2025-11-23,13:10
1364,4,C010,2025-11-23,16:40
1365,4,C010,2025-11-23,20:10
1366,4,C012,2025-11-23,12:30
1367,4,C012,2025-11-23,16:10
1368,4,C012,2025-11-23,19:40
1369,4,C018,2025-11-23,10:50
1370,4,C018,2025-11-23,14:20
1371,4,C018,2025-11-23,17:50
1372,4,C020,2025-11-23,11:40
1373,4,C020,2025-11-23,15:20
1374,4,C020,2025-11-23,18:50
1375,4,C024,2025-11-23,12:20
1376,4,C024,2025-11-23,16:00
1377,4,C024,2025-11-23,19:50
1378,4,C029,2025-11-23,10:00
1379,4,C029,2025-11-23,13:30
1380,4,C029,2025-11-23,17:00
1381,4,C004,2025-11-24,10:40
1382,4,C004,2025-11-24,14:10
1383,4,C004,2025-11-24,17:40
1384,4,C004,2025-11-24,21:00
1385,4,C006,2025-11-24,11:50
1386,4,C006,2025-11-24,15:30
1387,4,C006,2025-11-24,19:00
1388,4,C010,2025-11-24,09:30
1389,4,C010,2025-11-24,13:00
1390,4,C010,2025-11-24,16:30
1391,4,C010,2025-11-24,20:00
1392,4,C012,2025-11-24,12:00
1393,4,C012,2025-11-24,15:40
1394,4,C012,2025-11-24,19:20
1395,4,C018,2025-11-24,10:20
1396,4,C018,2025-11-24,13:50
1397,4,C018,2025-11-24,17:20
1398,4,C020,2025-11-24,11:10
1399,4,C020,2025-11-24,14:50
1400,4,C020,2025-11-24,18:20
1401,4,C020,2025-11-24,21:20
1402,4,C024,2025-11-24,12:50
1403,4,C024,2025-11-24,16:30
1404,4,C024,2025-11-24,20:10
1405,4,C029,2025-11-24,10:30
1406,4,C029,2025-11-24,14:00
1407,4,C029,2025-11-24,17:30
1408,4,C004,2025-11-25,10:20
1409,4,C004,2025-11-25,13:50
1410,4,C004,2025-11-25,17:20
1411,4,C004,2025-11-25,20:40
1412,4,C006,2025-11-25,11:30
1413,4,C006,2025-11-25,15:10
1414,4,C006,2025-11-25,18:40
1415,4,C010,2025-11-25,09:50
1416,4,C010,2025-11-25,13:20
1417,4,C010,2025-11-25,16:50
1418,4,C010,2025-11-25,20:20
1419,4,C012,2025-11-25,12:40
1420,4,C012,2025-11-25,16:20
1421,4,C012,2025-11-25,19:50
1422,4,C018,2025-11-25,10:40
1423,4,C018,2025-11-25,14:10
1424,4,C018,2025-11-25,17:40
1425,4,C020,2025-11-25,11:20
1426,4,C020,2025-11-25,15:00
1427,4,C020,2025-11-25,18:30
1428,4,C024,2025-11-25,12:10
1429,4,C024,2025-11-25,15:50
1430,4,C024,2025-11-25,19:30
1431,4,C029,2025-11-25,10:10
1432,4,C029,2025-11-25,13:40
1433,4,C029,2025-11-25,17:10
1434,4,C004,2025-11-26,10:50
1435,4,C004,2025-11-26,14:20
1436,4,C004,2025-11-26,17:50
1437,4,C004,2025-11-26,21:10
1438,4,C006,2025-11-26,11:40
1439,4,C006,2025-11-26,15:20
1440,4,C006,2025-11-26,18:50
1441,4,C010,2025-11-26,09:40
1442,4,C010,2025-11-26,13:10
1443,4,C010,2025-11-26,16:40
1444,4,C010,2025-11-26,20:10
1445,4,C012,2025-11-26,12:30
1446,4,C012,2025-11-26,16:00
1447,4,C012,2025-11-26,19:40
1448,4,C018,2025-11-26,10:30
1449,4,C018,2025-11-26,14:00
1450,4,C018,2025-11-26,17:30
1451,4,C020,2025-11-26,11:50
1452,4,C020,2025-11-26,15:30
1453,4,C020,2025-11-26,19:00
1454,4,C024,2025-11-26,12:20
1455,4,C024,2025-11-26,16:10
1456,4,C024,2025-11-26,19:50
1457,4,C029,2025-11-26,10:20
1458,4,C029,2025-11-26,13:50
1459,4,C029,2025-11-26,17:20
1460,4,C004,2025-11-27,10:00
1461,4,C004,2025-11-27,13:30
1462,4,C004,2025-11-27,17:00
1463,4,C004,2025-11-27,20:20
1464,4,C006,2025-11-27,11:10
1465,4,C006,2025-11-27,14:50
1466,4,C006,2025-11-27,18:20
1467,4,C010,2025-11-27,09:50
1468,4,C010,2025-11-27,13:20
1469,4,C010,2025-11-27,16:50
1470,4,C010,2025-11-27,20:30
1471,4,C012,2025-11-27,12:00
1472,4,C012,2025-11-27,15:40
1473,4,C012,2025-11-27,19:20
1474,4,C018,2025-11-27,10:40
1475,4,C018,2025-11-27,14:10
1476,4,C018,2025-11-27,17:40
1477,4,C020,2025-11-27,11:30
1478,4,C020,2025-11-27,15:10
1479,4,C020,2025-11-27,18:40
1480,4,C024,2025-11-27,12:50
1481,4,C024,2025-11-27,16:30
1482,4,C024,2025-11-27,20:00
1483,4,C029,2025-11-27,10:10
1484,4,C029,2025-11-27,13:40
1485,4,C029,2025-11-27,17:10
1486,4,C004,2025-11-28,10:40
1487,4,C004,2025-11-28,14:10
1488,4,C004,2025-11-28,17:40
1489,4,C004,2025-11-28,21:00
1490,4,C006,2025-11-28,11:20
1491,4,C006,2025-11-28,15:00
1492,4,C006,2025-11-28,18:30
1493,4,C010,2025-11-28,09:30
1494,4,C010,2025-11-28,13:00
1495,4,C010,2025-11-28,16:30
1496,4,C010,2025-11-28,20:00
1497,4,C012,2025-11-28,12:40
1498,4,C012,2025-11-28,16:20
1499,4,C012,2025-11-28,19:50
1500,4,C018,2025-11-28,10:50
1501,4,C018,2025-11-28,14:20
1502,4,C018,2025-11-28,17:50
1503,4,C020,2025-11-28,11:40
1504,4,C020,2025-11-28,15:20
1505,4,C020,2025-11-28,18:50
1506,4,C024,2025-11-28,12:10
1507,4,C024,2025-11-28,15:50
1508,4,C024,2025-11-28,19:30
1509,4,C029,2025-11-28,10:30
1510,4,C029,2025-11-28,14:00
1511,4,C029,2025-11-28,17:30
1512,5,C005,2025-11-22,09:50
1513,5,C005,2025-11-22,13:20
1514,5,C005,2025-11-22,16:50
1515,5,C005,2025-11-22,20:20
1516,5,C007,2025-11-22,14:40
1517,5,C007,2025-11-22,20:10
1518,5,C011,2025-11-22,10:30
1519,5,C011,2025-11-22,14:00
1520,5,C011,2025-11-22,17:30
1521,5,C014,2025-11-22,12:20
1522,5,C014,2025-11-22,19:40
1523,5,C019,2025-11-22,11:20
1524,5,C019,2025-11-22,15:00
1525,5,C019,2025-11-22,18:30
1526,5,C021,2025-11-22,15:50
1527,5,C021,2025-11-22,20:50
1528,5,C026,2025-11-22,10:10
1529,5,C026,2025-11-22,13:40
1530,5,C026,2025-11-22,17:10
1531,5,C028,2025-11-22,11:40
1532,5,C028,2025-11-22,15:20
1533,5,C028,2025-11-22,18:50
1534,5,C028,2025-11-22,21:30
1535,5,C005,2025-11-23,09:40
1536,5,C005,2025-11-23,13:10
1537,5,C005,2025-11-23,16:40
1538,5,C005,2025-11-23,20:10
1539,5,C007,2025-11-23,14:30
1540,5,C007,2025-11-23,20:00
1541,5,C011,2025-11-23,10:50
1542,5,C011,2025-11-23,14:20
1543,5,C011,2025-11-23,17:50
1544,5,C014,2025-11-23,12:00
1545,5,C014,2025-11-23,19:20
1546,5,C019,2025-11-23,11:30
1547,5,C019,2025-11-23,15:10
1548,5,C019,2025-11-23,18:40
1549,5,C021,2025-11-23,16:00
1550,5,C021,2025-11-23,20:30
1551,5,C026,2025-11-23,10:20
1552,5,C026,2025-11-23,13:50
1553,5,C026,2025-11-23,17:20
1554,5,C028,2025-11-23,11:10
1555,5,C028,2025-11-23,14:50
1556,5,C028,2025-11-23,18:20
1557,5,C005,2025-11-24,09:30
1558,5,C005,2025-11-24,13:00
1559,5,C005,2025-11-24,16:30
1560,5,C005,2025-11-24,20:00
1561,5,C007,2025-11-24,14:20
1562,5,C007,2025-11-24,19:50
1563,5,C011,2025-11-24,10:40
1564,5,C011,2025-11-24,14:10
1565,5,C011,2025-11-24,17:40
1566,5,C014,2025-11-24,12:40
1567,5,C014,2025-11-24,20:10
1568,5,C019,2025-11-24,11:40
1569,5,C019,2025-11-24,15:20
1570,5,C019,2025-11-24,18:50
1571,5,C021,2025-11-24,15:40
1572,5,C021,2025-11-24,20:40
1573,5,C026,2025-11-24,10:30
1574,5,C026,2025-11-24,14:00
1575,5,C026,2025-11-24,17:30
1576,5,C028,2025-11-24,11:50
1577,5,C028,2025-11-24,15:30
1578,5,C028,2025-11-24,19:00
1579,5,C028,2025-11-24,21:20
1580,5,C005,2025-11-25,09:40
1581,5,C005,2025-11-25,13:10
1582,5,C005,2025-11-25,16:40
1583,5,C005,2025-11-25,20:10
1584,5,C007,2025-11-25,14:50
1585,5,C007,2025-11-25,20:20
1586,5,C011,2025-11-25,10:20
1587,5,C011,2025-11-25,13:50
1588,5,C011,2025-11-25,17:20
1589,5,C014,2025-11-25,12:10
1590,5,C014,2025-11-25,19:30
1591,5,C019,2025-11-25,11:30
1592,5,C019,2025-11-25,15:10
1593,5,C019,2025-11-25,18:40
1594,5,C021,2025-11-25,15:30
1595,5,C021,2025-11-25,20:50
1596,5,C026,2025-11-25,10:40
1597,5,C026,2025-11-25,14:10
1598,5,C026,2025-11-25,17:40
1599,5,C028,2025-11-25,11:20
1600,5,C028,2025-11-25,15:00
1601,5,C028,2025-11-25,18:30
1602,5,C005,2025-11-26,09:50
1603,5,C005,2025-11-26,13:20
1604,5,C005,2025-11-26,16:50
1605,5,C005,2025-11-26,20:20
1606,5,C007,2025-11-26,14:30
1607,5,C007,2025-11-26,20:00
1608,5,C011,2025-11-26,10:30
1609,5,C011,2025-11-26,14:00
1610,5,C011,2025-11-26,17:30
1611,5,C014,2025-11-26,12:30
1612,5,C014,2025-11-26,19:50
1613,5,C019,2025-11-26,11:10
1614,5,C019,2025-11-26,14:50
1615,5,C019,2025-11-26,18:20
1616,5,C021,2025-11-26,16:20
1617,5,C021,2025-11-26,20:40
1618,5,C026,2025-11-26,10:00
1619,5,C026,2025-11-26,13:30
1620,5,C026,2025-11-26,17:00
1621,5,C028,2025-11-26,11:40
1622,5,C028,2025-11-26,15:20
1623,5,C028,2025-11-26,18:50
1624,5,C005,2025-11-27,09:30
1625,5,C005,2025-11-27,13:00
1626,5,C005,2025-11-27,16:30
1627,5,C005,2025-11-27,20:00
1628,5,C007,2025-11-27,14:40
1629,5,C007,2025-11-27,20:10
1630,5,C011 2025-11-27,10:50
1631,5,C011,2025-11-27,14:20
1632,5,C011,2025-11-27,17:50
1633,5,C014,2025-11-27,12:00
1634,5,C014,2025-11-27,19:20
1635,5,C019,2025-11-27,11:40
1636,5,C019,2025-11-27,15:20
1637,5,C019,2025-11-27,18:50
1638,5,C021,2025-11-27,15:10
1639,5,C021,2025-11-27,20:30
1640,5,C026,2025-11-27,10:40
1641,5,C026,2025-11-27,14:10
1642,5,C026,2025-11-27,17:40
1643,5,C028,2025-11-27,11:30
1644,5,C028,2025-11-27,15:10
1645,5,C028,2025-11-27,18:40
1646,5,C028,2025-11-27,21:20
1647,5,C005,2025-11-28,09:40
1648,5,C005,2025-11-28,13:10
1649,5,C005,2025-11-28,16:40
1650,5,C005,2025-11-28,20:10
1651,5,C007,2025-11-28,14:50
1652,5,C007,2025-11-28,20:20
1653,5,C011,2025-11-28,10:20
1654,5,C011,2025-11-28,13:50
1655,5,C011,2025-11-28,17:20
1656,5,C014,2025-11-28,12:40
1657,5,C014,2025-11-28,19:40
1658,5,C019,2025-11-28,11:10
1659,5,C019,2025-11-28,14:50
1660,5,C019,2025-11-28,18:20
1661,5,C021,2025-11-28,16:00
1662,5,C021,2025-11-28,20:50
1663,5,C026,2025-11-28,10:30
1664,5,C026,2025-11-28,14:00
1665,5,C026,2025-11-28,17:30
1666,5,C028,2025-11-28,11:50
1667,5,C028,2025-11-28,15:30
1668,5,C028,2025-11-28,19:00
1669,6,C003,2025-11-22,12:30
1670,6,C003,2025-11-22,16:00
1671,6,C003,2025-11-22,19:30
1672,6,C006,2025-11-22,10:20
1673,6,C006,2025-11-22,13:50
1674,6,C006,2025-11-22,17:20
1675,6,C006,2025-11-22,20:50
1676,6,C009,2025-11-22,11:40
1677,6,C009,2025-11-22,15:20
1678,6,C009,2025-11-22,18:50
1679,6,C013,2025-11-22,10:50
1680,6,C013,2025-11-22,14:20
1681,6,C013,2025-11-22,17:50
1682,6,C013,2025-11-22,21:20
1683,6,C016,2025-11-22,12:00
1684,6,C016,2025-11-22,15:40
1685,6,C016,2025-11-22,19:10
1686,6,C018,2025-11-22,09:40
1687,6,C018,2025-11-22,13:10
1688,6,C018,2025-11-22,16:40
1689,6,C025,2025-11-22,11:10
1690,6,C025,2025-11-22,14:50
1691,6,C025,2025-11-22,18:20
1692,6,C027,2025-11-22,10:30
1693,6,C027,2025-11-22,14:00
1694,6,C027,2025-11-22,17:30
1695,6,C027,2025-11-22,21:00
1696,6,C030,2025-11-22,12:40
1697,6,C030,2025-11-22,16:20
1698,6,C030,2025-11-22,19:50
1699,6,C034,2025-11-22,14:40
1700,6,C034,2025-11-22,20:10
1701,6,C003,2025-11-23,12:10
1702,6,C003,2025-11-23,15:40
1703,6,C003,2025-11-23,19:10
1704,6,C006,2025-11-23,10:40
1705,6,C006,2025-11-23,14:10
1706,6,C006,2025-11-23,17:40
1707,6,C006,2025-11-23,21:10
1708,6,C009,2025-11-23,11:20
1709,6,C009,2025-11-23,14:50
1710,6,C009,2025-11-23,18:20
1711,6,C013,2025-11-23,10:00
1712,6,C013,2025-11-23,13:30
1713,6,C013,2025-11-23,17:00
1714,6,C013,2025-11-23,20:30
1715,6,C016,2025-11-23,12:50
1716,6,C016,2025-11-23,16:30
1717,6,C016,2025-11-23,20:00
1718,6,C018,2025-11-23,09:50
1719,6,C018,2025-11-23,13:20
1720,6,C018,2025-11-23,16:50
1721,6,C025,2025-11-23,11:30
1722,6,C025,2025-11-23,15:10
1723,6,C025,2025-11-23,18:40
1724,6,C027,2025-11-23,10:50
1725,6,C027,2025-11-23,14:20
1726,6,C027,2025-11-23,17:50
1727,6,C030,2025-11-23,12:20
1728,6,C030,2025-11-23,16:00
1729,6,C030,2025-11-23,19:30
1730,6,C034,2025-11-23,14:30
1731,6,C034,2025-11-23,20:00
1732,6,C003,2025-11-24,12:40
1733,6,C003,2025-11-24,16:20
1734,6,C003,2025-11-24,19:50
1735,6,C006,2025-11-24,10:30
1736,6,C006,2025-11-24,14:00
1737,6,C006,2025-11-24,17:30
1738,6,C006,2025-11-24,21:00
1739,6,C009,2025-11-24,11:50
1740,6,C009,2025-11-24,15:30
1741,6,C009,2025-11-24,19:00
1742,6,C013,2025-11-24,10:20
1743,6,C013,2025-11-24,13:50
1744,6,C013,2025-11-24,17:20
1745,6,C013,2025-11-24,20:50
1746,6,C016,2025-11-24,12:10
1747,6,C016,2025-11-24,15:50
1748,6,C016,2025-11-24,19:20
1749,6,C018,2025-11-24,09:40
1750,6,C018,2025-11-24,13:10
1751,6,C018,2025-11-24,16:40
1752,6,C025,2025-11-24,11:00
1753,6,C025,2025-11-24,14:40
1754,6,C025,2025-11-24,18:10
1755,6,C027,2025-11-24,10:40
1756,6,C027,2025-11-24,14:10
1757,6,C027,2025-11-24,17:40
1758,6,C030,2025-11-24,12:50
1759,6,C030,2025-11-24,16:30
1760,6,C030,2025-11-24,20:00
1761,6,C034,2025-11-24,14:50
1762,6,C034,2025-11-24,20:20
1763,6,C003,2025-11-25,12:00
1764,6,C003,2025-11-25,15:30
1765,6,C003,2025-11-25,19:00
1766,6,C006,2025-11-25,10:50
1767,6,C006,2025-11-25,14:20
1768,6,C006,2025-11-25,17:50
1769,6,C006,2025-11-25,21:20
1770,6,C009,2025-11-25,11:30
1771,6,C009,2025-11-25,15:10
1772,6,C009,2025-11-25,18:40
1773,6,C013,2025-11-25,10:10
1774,6,C013,2025-11-25,13:40
1775,6,C013,2025-11-25,17:10
1776,6,C013,2025-11-25,20:40
1777,6,C016,2025-11-25,12:40
1778,6,C016,2025-11-25,16:20
1779,6,C016,2025-11-25,19:50
1780,6,C018,2025-11-25,09:50
1781,6,C018,2025-11-25,13:20
1782,6,C018,2025-11-25,16:50
1783,6,C025,2025-11-25,11:40
1784,6,C025,2025-11-25,15:20
1785,6,C025,2025-11-25,18:50
1786,6,C027,2025-11-25,10:30
1787,6,C027,2025-11-25,14:00
1788,6,C027,2025-11-25,17:30
1789,6,C030,2025-11-25,12:20
1790,6,C030,2025-11-25,16:00
1791,6,C030,2025-11-25,19:30
1792,6,C034,2025-11-25,14:20
1793,6,C034,2025-11-25,20:00
1794,6,C003,2025-11-26,12:50
1795,6,C003,2025-11-26,16:30
1796,6,C003,2025-11-26,20:00
1797,6,C006,2025-11-26,10:20
1798,6,C006,2025-11-26,13:50
1799,6,C006,2025-11-26,17:20
1800,6,C006,2025-11-26,20:50
1801,6,C009,2025-11-26,11:10
1802,6,C009,2025-11-26,14:40
1803,6,C009,2025-11-26,18:10
1804,6,C013,2025-11-26,10:40
1805,6,C013,2025-11-26,14:10
1806,6,C013,2025-11-26,17:40
1807,6,C013,2025-11-26,21:10
1808,6,C016,2025-11-26,12:30
1809,6,C016,2025-11-26,16:10
1810,6,C016,2025-11-26,19:40
1811,6,C018,2025-11-26,09:30
1812,6,C018,2025-11-26,13:00
1813,6,C018,2025-11-26,16:30
1814,6,C025,2025-11-26,11:50
1815,6,C025,2025-11-26,15:30
1816,6,C025,2025-11-26,19:00
1817,6,C027,2025-11-26,10:50
1818,6,C027,2025-11-26,14:20
1819,6,C027,2025-11-26,17:50
1820,6,C030,2025-11-26,12:00
1821,6,C030,2025-11-26,15:40
1822,6,C030,2025-11-26,19:10
1823,6,C034,2025-11-26,14:50
1824,6,C034,2025-11-26,20:20
1825,6,C003,2025-11-27,12:20
1826,6,C003,2025-11-27,15:50
1827,6,C003,2025-11-27,19:20
1828,6,C006,2025-11-27,10:30
1829,6,C006,2025-11-27,14:00
1830,6,C006,2025-11-27,17:30
1831,6,C006,2025-11-27,21:00
1832,6,C009,2025-11-27,11:40
1833,6,C009,2025-11-27,15:20
1834,6,C009,2025-11-27,18:50
1835,6,C013,2025-11-27,10:10
1836,6,C013,2025-11-27,13:40
1837,6,C013,2025-11-27,17:10
1838,6,C013,2025-11-27,20:40
1839,6,C016,2025-11-27,12:40
1840,6,C016,2025-11-27,16:20
1841,6,C016,2025-11-27,19:50
1842,6,C018,2025-11-27,09:50
1843,6,C018,2025-11-27,13:20
1844,6,C018,2025-11-27,16:50
1845,6,C025,2025-11-27,11:20
1846,6,C025,2025-11-27,15:00
1847,6,C025,2025-11-27,18:30
1848,6,C027,2025-11-27,10:40
1849,6,C027,2025-11-27,14:10
1850,6,C027,2025-11-27,17:40
1851,6,C030,2025-11-27,12:10
1852,6,C030,2025-11-27,15:50
1853,6,C030,2025-11-27,19:20
1854,6,C034,2025-11-27,14:30
1855,6,C034,2025-11-27,20:00
1856,6,C003,2025-11-28,12:00
1857,6,C003,2025-11-28,15:30
1858,6,C003,2025-11-28,19:00
1859,6,C006,2025-11-28,10:50
1860,6,C006,2025-11-28,14:20
1861,6,C006,2025-11-28,17:50
1862,6,C006,2025-11-28,21:20
1863,6,C009,2025-11-28,11:30
1864,6,C009,2025-11-28,15:10
1865,6,C009,2025-11-28,18:40
1866,6,C013,2025-11-28,10:20
1867,6,C013,2025-11-28,13:50
1868,6,C013,2025-11-28,17:20
1869,6,C013,2025-11-28,20:50
1870,6,C016,2025-11-28,12:50
1871,6,C016,2025-11-28,16:30
1872,6,C016,2025-11-28,20:00
1873,6,C018,2025-11-28,09:40
1874,6,C018,2025-11-28,13:10
1875,6,C018,2025-11-28,16:40
1876,6,C025,2025-11-28,11:00
1877,6,C025,2025-11-28,14:40
1878,6,C025,2025-11-28,18:10
1879,6,C027,2025-11-28,10:30
1880,6,C027,2025-11-28,14:00
1881,6,C027,2025-11-28,17:30
1882,6,C030,2025-11-28,12:40
1883,6,C030,2025-11-28,16:20
1884,6,C030,2025-11-28,19:50
1885,6,C034,2025-11-28,14:40
1886,6,C034,2025-11-28,20:10
1887,7,C001,2025-11-22,15:30
1888,7,C001,2025-11-22,19:00
1889,7,C007,2025-11-22,12:40
1890,7,C007,2025-11-22,16:10
1891,7,C007,2025-11-22,21:00
1892,7,C010,2025-11-22,10:20
1893,7,C010,2025-11-22,13:50
1894,7,C010,2025-11-22,17:20
1895,7,C015,2025-11-22,11:40
1896,7,C015,2025-11-22,15:20
1897,7,C015,2025-11-22,19:00
1898,7,C017,2025-11-22,09:50
1899,7,C017,2025-11-22,13:20
1900,7,C017,2025-11-22,16:50
1901,7,C017,2025-11-22,20:20
1902,7,C022,2025-11-22,14:50
1903,7,C022,2025-11-22,20:40
1904,7,C024,2025-11-22,10:40
1905,7,C024,2025-11-22,14:10
1906,7,C024,2025-11-22,17:40
1907,7,C029,2025-11-22,11:30
1908,7,C029,2025-11-22,15:10
1909,7,C029,2025-11-22,18:40
1910,7,C029,2025-11-22,21:30
1911,7,C032,2025-11-22,12:20
1912,7,C032,2025-11-22,16:00
1913,7,C032,2025-11-22,19:30
1914,7,C034,2025-11-22,17:20
1915,7,C001,2025-11-23,15:10
1916,7,C001,2025-11-23,18:40
1917,7,C007,2025-11-23,12:30
1918,7,C007,2025-11-23,16:00
1919,7,C007,2025-11-23,21:10
1920,7,C010,2025-11-23,10:50
1921,7,C010,2025-11-23,14:20
1922,7,C010,2025-11-23,17:50
1923,7,C015,2025-11-23,11:20
1924,7,C015,2025-11-23,15:00
1925,7,C015,2025-11-23,18:30
1926,7,C017,2025-11-23,09:40
1927,7,C017,2025-11-23,13:10
1928,7,C017,2025-11-23,16:40
1929,7,C017,2025-11-23,20:10
1930,7,C022,2025-11-23,14:30
1931,7,C022,2025-11-23,20:50
1932,7,C024,2025-11-23,10:30
1933,7,C024,2025-11-23,14:00
1934,7,C024,2025-11-23,17:30
1935,7,C029,2025-11-23,11:50
1936,7,C029,2025-11-23,15:30
1937,7,C029,2025-11-23,19:00
1938,7,C029,2025-11-23,21:20
1939,7,C032,2025-11-23,12:50
1940,7,C032,2025-11-23,16:30
1941,7,C032,2025-11-23,20:00
1942,7,C034,2025-11-23,17:40
1943,7,C001,2025-11-24,15:40
1944,7,C001,2025-11-24,19:10
1945,7,C007,2025-11-24,12:10
1946,7,C007,2025-11-24,15:40
1947,7,C007,2025-11-24,20:40
1948,7,C010,2025-11-24,10:40
1949,7,C010,2025-11-24,14:10
1950,7,C010,2025-11-24,17:40
1951,7,C015,2025-11-24,11:30
1952,7,C015,2025-11-24,15:10
1953,7,C015,2025-11-24,18:40
1954,7,C017,2025-11-24,09:50
1955,7,C017,2025-11-24,13:20
1956,7,C017,2025-11-24,16:50
1957,7,C017,2025-11-24,20:20
1958,7,C022,2025-11-24,14:20
1959,7,C022,2025-11-24,20:30
1960,7,C024,2025-11-24,10:50
1961,7,C024,2025-11-24,14:30
1962,7,C024,2025-11-24,18:00
1963,7,C029,2025-11-24,11:40
1964,7,C029,2025-11-24,15:20
1965,7,C029,2025-11-24,18:50
1966,7,C032,2025-11-24,12:30
1967,7,C032,2025-11-24,16:10
1968,7,C032,2025-11-24,19:40
1969,7,C034,2025-11-24,17:50
1970,7,C001,2025-11-25,15:20
1971,7,C001,2025-11-25,18:50
1972,7,C007,2025-11-25,12:50
1973,7,C007,2025-11-25,16:20
1974,7,C007,2025-11-25,21:20
1975,7,C010,2025-11-25,10:30
1976,7,C010,2025-11-25,14:00
1977,7,C010,2025-11-25,17:30
1978,7,C015,2025-11-25,11:50
1979,7,C015,2025-11-25,15:30
1980,7,C015,2025-11-25,19:00
1981,7,C017,2025-11-25,09:40
1982,7,C017,2025-11-25,13:10
1983,7,C017,2025-11-25,16:40
1984,7,C017,2025-11-25,20:10
1985,7,C022,2025-11-25,14:40
1986,7,C022,2025-11-25,20:50
1987,7,C024,2025-11-25,10:20
1988,7,C024,2025-11-25,13:50
1989,7,C024,2025-11-25,17:20
1990,7,C029,2025-11-25,11:10
1991,7,C029,2025-11-25,14:50
1992,7,C029,2025-11-25,18:20
1993,7,C029,2025-11-25,21:20
1994,7,C032,2025-11-25,12:40
1995,7,C032,2025-11-25,16:20
1996,7,C032,2025-11-25,19:50
1997,7,C034,2025-11-25,17:30
1998,7,C001,2025-11-26,15:00
1999,7,C001,2025-11-26,18:30
2000,7,C007,2025-11-26,12:20
2001,7,C007,2025-11-26,15:50
2002,7,C007,2025-11-26,20:50
2003,7,C010,2025-11-26,10:50
2004,7,C010,2025-11-26,14:20
2005,7,C010,2025-11-26,17:50
2006,7,C015,2025-11-26,11:20
2007,7,C015,2025-11-26,15:00
2008,7,C015,2025-11-26,18:30
2009,7,C017,2025-11-26,09:30
2010,7,C017,2025-11-26,13:00
2011,7,C017,2025-11-26,16:30
2012,7,C017,2025-11-26,20:00
2013,7,C022,2025-11-26,14:10
2014,7,C022,2025-11-26,20:20
2015,7,C024,2025-11-26,10:40
2016,7,C024,2025-11-26,14:10
2017,7,C024,2025-11-26,17:40
2018,7,C029,2025-11-26,11:50
2019,7,C029,2025-11-26,15:30
2020,7,C029,2025-11-26,19:00
2021,7,C032,2025-11-26,12:10
2022,7,C032,2025-11-26,15:50
2023,7,C032,2025-11-26,19:20
2024,7,C034,2025-11-26,17:10
2025,7,C001,2025-11-27,15:40
2026,7,C001,2025-11-27,19:10
2027,7,C007,2025-11-27,12:00
2028,7,C007,2025-11-27,15:30
2029,7,C007,2025-11-27,20:30
2030,7,C010,2025-11-27,10:20
2031,7,C010,2025-11-27,13:50
2032,7,C010,2025-11-27,17:20
2033,7,C015,2025-11-27,11:40
2034,7,C015,2025-11-27,15:20
2035,7,C015,2025-11-27,18:50
2036,7,C017,2025-11-27,09:50
2037,7,C017,2025-11-27,13:20
2038,7,C017,2025-11-27,16:50
2039,7,C017,2025-11-27,20:20
2040,7,C022,2025-11-27,14:50
2041,7,C022,2025-11-27,21:00
2042,7,C024,2025-11-27,10:30
2043,7,C024,2025-11-27,14:00
2044,7,C024,2025-11-27,17:30
2045,7,C029,2025-11-27,11:20
2046,7,C029,2025-11-27,15:00
2047,7,C029,2025-11-27,18:30
2048,7,C029,2025-11-27,21:20
2049,7,C032,2025-11-27,12:50
2050,7,C032,2025-11-27,16:30
2051,7,C032,2025-11-27,20:00
2052,7,C034,2025-11-27,17:40
2053,7,C001,2025-11-28,15:10
2054,7,C001,2025-11-28,18:40
2055,7,C007,2025-11-28,12:30
2056,7,C007,2025-11-28,16:00
2057,7,C007,2025-11-28,21:10
2058,7,C010,2025-11-28,10:40
2059,7,C010,2025-11-28,14:10
2060,7,C010,2025-11-28,17:40
2061,7,C015,2025-11-28,11:10
2062,7,C015,2025-11-28,14:50
2063,7,C015,2025-11-28,18:20
2064,7,C017,2025-11-28,09:40
2065,7,C017,2025-11-28,13:10
2066,7,C017,2025-11-28,16:40
2067,7,C017,2025-11-28,20:10
2068,7,C022,2025-11-28,14:30
2069,7,C022,2025-11-28,20:40
2070,7,C024,2025-11-28,10:50
2071,7,C024,2025-11-28,14:20
2072,7,C024,2025-11-28,17:50
2073,7,C029,2025-11-28,11:30
2074,7,C029,2025-11-28,15:10
2075,7,C029,2025-11-28,18:40
2076,7,C032,2025-11-28,12:20
2077,7,C032,2025-11-28,16:00
2078,7,C032,2025-11-28,19:30
2079,7,C034,2025-11-28,17:20
2080,8,C002,2025-12-01,10:30
2081,8,C002,2025-12-01,13:50
2082,8,C002,2025-12-01,17:10
2083,8,C002,2025-12-01,20:40
2084,8,C005,2025-12-01,11:20
2085,8,C005,2025-12-01,14:40
2086,8,C005,2025-12-01,18:00
2087,8,C005,2025-12-01,21:20
2088,8,C010,2025-12-01,09:50
2089,8,C010,2025-12-01,13:20
2090,8,C010,2025-12-01,16:50
2091,8,C010,2025-12-01,20:10
2092,8,C013,2025-12-01,12:00
2093,8,C013,2025-12-01,15:30
2094,8,C013,2025-12-01,19:00
2095,8,C016,2025-12-01,10:40
2096,8,C016,2025-12-01,14:10
2097,8,C016,2025-12-01,17:40
2098,8,C016,2025-12-01,21:00
2099,8,C021,2025-12-01,11:10
2100,8,C021,2025-12-01,14:50
2101,8,C021,2025-12-01,18:20
2102,8,C021,2025-12-01,21:40
2103,8,C032,2025-12-01,10:00
2104,8,C032,2025-12-01,13:30
2105,8,C032,2025-12-01,17:00
2106,8,C032,2025-12-01,20:30
2107,8,C002,2025-12-02,10:20
2108,8,C002,2025-12-02,13:40
2109,8,C002,2025-12-02,17:00
2110,8,C002,2025-12-02,20:30
2111,8,C005,2025-12-02,11:40
2112,8,C005,2025-12-02,15:00
2113,8,C005,2025-12-02,18:20
2114,8,C010,2025-12-02,09:40
2115,8,C010,2025-12-02,13:10
2116,8,C010,2025-12-02,16:40
2117,8,C010,2025-12-02,20:00
2118,8,C013,2025-12-02,12:30
2119,8,C013,2025-12-02,16:00
2120,8,C013,2025-12-02,19:30
2121,8,C016,2025-12-02,10:50
2122,8,C016,2025-12-02,14:20
2123,8,C016,2025-12-02,17:50
2124,8,C021,2025-12-02,11:30
2125,8,C021,2025-12-02,15:10
2126,8,C021,2025-12-02,18:40
2127,8,C032,2025-12-02,10:10
2128,8,C032,2025-12-02,13:40
2129,8,C032,2025-12-02,17:10
2130,8,C032,2025-12-02,20:40
2131,8,C002,2025-12-03,10:50
2132,8,C002,2025-12-03,14:10
2133,8,C002,2025-12-03,17:40
2134,8,C002,2025-12-03,21:00
2135,8,C005,2025-12-03,11:00
2136,8,C005,2025-12-03,14:30
2137,8,C005,2025-12-03,17:50
2138,8,C005,2025-12-03,21:10
2139,8,C010,2025-12-03,09:30
2140,8,C010,2025-12-03,12:50
2141,8,C010,2025-12-03,16:20
2142,8,C010,2025-12-03,19:50
2143,8,C013,2025-12-03,12:10
2144,8,C013,2025-12-03,15:40
2145,8,C013,2025-12-03,19:10
2146,8,C016,2025-12-03,10:20
2147,8,C016,2025-12-03,13:50
2148,8,C016,2025-12-03,17:20
2149,8,C016,2025-12-03,20:50
2150,8,C021,2025-12-03,11:50
2151,8,C021,2025-12-03,15:30
2152,8,C021,2025-12-03,19:00
2153,8,C032,2025-12-03,10:40
2154,8,C032,2025-12-03,14:00
2155,8,C032,2025-12-03,17:30
2156,8,C032,2025-12-03,21:00
2157,8,C002,2025-12-04,10:10
2158,8,C002,2025-12-04,13:30
2159,8,C002,2025-12-04,16:50
2160,8,C002,2025-12-04,20:20
2161,8,C005,2025-12-04,11:30
2162,8,C005,2025-12-04,14:50
2163,8,C005,2025-12-04,18:10
2164,8,C010,2025-12-04,09:50
2165,8,C010,2025-12-04,13:20
2166,8,C010,2025-12-04,16:50
2167,8,C010,2025-12-04,20:10
2168,8,C013,2025-12-04,12:40
2169,8,C013,2025-12-04,16:20
2170,8,C013,2025-12-04,19:50
2171,8,C016,2025-12-04,10:30
2172,8,C016,2025-12-04,14:00
2173,8,C016,2025-12-04,17:30
2174,8,C021,2025-12-04,11:20
2175,8,C021,2025-12-04,15:00
2176,8,C021,2025-12-04,18:30
2177,8,C021,2025-12-04,21:40
2178,8,C032,2025-12-04,10:00
2179,8,C032,2025-12-04,13:30
2180,8,C032,2025-12-04,17:00
2181,8,C032,2025-12-04,20:30
2182,8,C002,2025-12-05,10:40
2183,8,C002,2025-12-05,14:00
2184,8,C002,2025-12-05,17:20
2185,8,C002,2025-12-05,20:50
2186,8,C005,2025-12-05,11:10
2187,8,C005,2025-12-05,14:40
2188,8,C005,2025-12-05,18:00
2189,8,C010,2025-12-05,09:40
2190,8,C010,2025-12-05,13:10
2191,8,C010,2025-12-05,16:40
2192,8,C010,2025-12-05,20:00
2193,8,C013,2025-12-05,12:20
2194,8,C013,2025-12-05,15:50
2195,8,C013,2025-12-05,19:20
2196,8,C016,2025-12-05,10:50
2197,8,C016,2025-12-05,14:20
2198,8,C016,2025-12-05,17:50
2199,8,C021,2025-12-05,11:40
2200,8,C021,2025-12-05,15:20
2201,8,C021,2025-12-05,18:50
2202,8,C032,2025-12-05,10:20
2203,8,C032,2025-12-05,13:50
2204,8,C032,2025-12-05,17:20
2205,8,C032,2025-12-05,20:50
2206,8,C002,2025-12-06,10:00
2207,8,C002,2025-12-06,13:20
2208,8,C002,2025-12-06,16:40
2209,8,C002,2025-12-06,20:10
2210,8,C005,2025-12-06,11:50
2211,8,C005,2025-12-06,15:20
2212,8,C005,2025-12-06,18:40
2213,8,C010,2025-12-06,09:30
2214,8,C010,2025-12-06,12:50
2215,8,C010,2025-12-06,16:20
2216,8,C010,2025-12-06,19:50
2217,8,C013,2025-12-06,12:50
2218,8,C013,2025-12-06,16:30
2219,8,C013,2025-12-06,20:00
2220,8,C016,2025-12-06,10:10
2221,8,C016,2025-12-06,13:40
2222,8,C016,2025-12-06,17:10
2223,8,C021,2025-12-06,11:00
2224,8,C021,2025-12-06,14:40
2225,8,C021,2025-12-06,18:10
2226,8,C021,2025-12-06,21:20
2227,8,C032,2025-12-06,10:30
2228,8,C032,2025-12-06,14:00
2229,8,C032,2025-12-06,17:30
2230,8,C032,2025-12-06,21:00
2231,8,C002,2025-12-07,10:50
2232,8,C002,2025-12-07,14:20
2233,8,C002,2025-12-07,17:50
2234,8,C002,2025-12-07,21:10
2235,8,C005,2025-12-07,11:30
2236,8,C005,2025-12-07,15:00
2237,8,C005,2025-12-07,18:20
2238,8,C005,2025-12-07,21:40
2239,8,C010,2025-12-07,09:50
2240,8,C010,2025-12-07,13:20
2241,8,C010,2025-12-07,16:50
2242,8,C010,2025-12-07,20:20
2243,8,C013,2025-12-07,12:00
2244,8,C013,2025-12-07,15:30
2245,8,C013,2025-12-07,19:00
2246,8,C016,2025-12-07,10:40
2247,8,C016,2025-12-07,14:10
2248,8,C016,2025-12-07,17:40
2249,8,C021,2025-12-07,11:20
2250,8,C021,2025-12-07,15:00
2251,8,C021,2025-12-07,18:30
2252,8,C032,2025-12-07,10:00
2253,8,C032,2025-12-07,13:30
2254,8,C032,2025-12-07,17:00
2255,8,C032,2025-12-07,20:30
2256,9,C001,2025-12-01,10:20
2257,9,C001,2025-12-01,13:40
2258,9,C001,2025-12-01,17:00
2259,9,C001,2025-12-01,20:30
2260,9,C003,2025-12-01,11:40
2261,9,C003,2025-12-01,15:10
2262,9,C003,2025-12-01,18:40
2263,9,C003,2025-12-01,21:50
2264,9,C007,2025-12-01,10:00
2265,9,C007,2025-12-01,13:30
2266,9,C007,2025-12-01,17:00
2267,9,C007,2025-12-01,20:20
2268,9,C011,2025-12-01,12:10
2269,9,C011,2025-12-01,15:40
2270,9,C011,2025-12-01,19:10
2271,9,C018,2025-12-01,09:50
2272,9,C018,2025-12-01,13:20
2273,9,C018,2025-12-01,16:50
2274,9,C018,2025-12-01,20:10
2275,9,C022,2025-12-01,11:00
2276,9,C022,2025-12-01,14:30
2277,9,C022,2025-12-01,18:00
2278,9,C022,2025-12-01,21:20
2279,9,C027,2025-12-01,10:40
2280,9,C027,2025-12-01,14:10
2281,9,C027,2025-12-01,17:40
2282,9,C027,2025-12-01,21:00
2283,9,C001,2025-12-02,10:40
2284,9,C001,2025-12-02,14:00
2285,9,C001,2025-12-02,17:20
2286,9,C001,2025-12-02,20:50
2287,9,C003,2025-12-02,11:20
2288,9,C003,2025-12-02,14:50
2289,9,C003,2025-12-02,18:20
2290,9,C003,2025-12-02,21:30
2291,9,C007,2025-12-02,10:10
2292,9,C007,2025-12-02,13:40
2293,9,C007,2025-12-02,17:10
2294,9,C007,2025-12-02,20:40
2295,9,C011,2025-12-02,12:30
2296,9,C011,2025-12-02,16:00
2297,9,C011,2025-12-02,19:30
2298,9,C018,2025-12-02,09:40
2299,9,C018,2025-12-02,13:10
2300,9,C018,2025-12-02,16:40
2301,9,C018,2025-12-02,20:00
2302,9,C022,2025-12-02,11:30
2303,9,C022,2025-12-02,15:00
2304,9,C022,2025-12-02,18:30
2305,9,C027,2025-12-02,10:50
2306,9,C027,2025-12-02,14:20
2307,9,C027,2025-12-02,17:50
2308,9,C027,2025-12-02,21:10
2309,9,C001,2025-12-03,10:00
2310,9,C001,2025-12-03,13:30
2311,9,C001,2025-12-03,16:50
2312,9,C001,2025-12-03,20:20
2313,9,C003,2025-12-03,11:50
2314,9,C003,2025-12-03,15:20
2315,9,C003,2025-12-03,18:50
2316,9,C007,2025-12-03,10:30
2317,9,C007,2025-12-03,14:00
2318,9,C007,2025-12-03,17:30
2319,9,C007,2025-12-03,20:50
2320,9,C011,2025-12-03,12:00
2321,9,C011,2025-12-03,15:30
2322,9,C011,2025-12-03,19:00
2323,9,C018,2025-12-03,09:50
2324,9,C018,2025-12-03,13:20
2325,9,C018,2025-12-03,16:50
2326,9,C018,2025-12-03,20:20
2327,9,C022,2025-12-03,11:10
2328,9,C022,2025-12-03,14:40
2329,9,C022,2025-12-03,18:10
2330,9,C022,2025-12-03,21:30
2331,9,C027,2025-12-03,10:20
2332,9,C027,2025-12-03,13:50
2333,9,C027,2025-12-03,17:20
2334,9,C027,2025-12-03,20:50
2335,9,C001,2025-12-04,10:50
2336,9,C001,2025-12-04,14:10
2337,9,C001,2025-12-04,17:40
2338,9,C001,2025-12-04,21:00
2339,9,C003,2025-12-04,11:00
2340,9,C003,2025-12-04,14:30
2341,9,C003,2025-12-04,18:00
2342,9,C003,2025-12-04,21:20
2343,9,C007,2025-12-04,10:40
2344,9,C007,2025-12-04,14:10
2345,9,C007,2025-12-04,17:40
2346,9,C007,2025-12-04,21:00
2347,9,C011,2025-12-04,12:40
2348,9,C011,2025-12-04,16:10
2349,9,C011,2025-12-04,19:40
2350,9,C018,2025-12-04,09:30
2351,9,C018,2025-12-04,13:00
2352,9,C018,2025-12-04,16:30
2353,9,C018,2025-12-04,19:50
2354,9,C022,2025-12-04,11:40
2355,9,C022,2025-12-04,15:20
2356,9,C022,2025-12-04,18:50
2357,9,C027,2025-12-04,10:10
2358,9,C027,2025-12-04,13:40
2359,9,C027,2025-12-04,17:10
2360,9,C027,2025-12-04,20:40
2361,9,C001,2025-12-05,10:30
2362,9,C001,2025-12-05,13:50
2363,9,C001,2025-12-05,17:10
2364,9,C001,2025-12-05,20:40
2365,9,C003,2025-12-05,11:30
2366,9,C003,2025-12-05,15:00
2367,9,C003,2025-12-05,18:30
2368,9,C007,2025-12-05,10:20
2369,9,C007,2025-12-05,13:50
2370,9,C007,2025-12-05,17:20
2371,9,C007,2025-12-05,20:50
2372,9,C011,2025-12-05,12:20
2373,9,C011,2025-12-05,15:50
2374,9,C011,2025-12-05,19:20
2375,9,C018,2025-12-05,09:40
2376,9,C018,2025-12-05,13:10
2377,9,C018,2025-12-05,16:40
2378,9,C018,2025-12-05,20:10
2379,9,C022,2025-12-05,11:20
2380,9,C022,2025-12-05,14:50
2381,9,C022,2025-12-05,18:20
2382,9,C022,2025-12-05,21:40
2383,9,C027,2025-12-05,10:50
2384,9,C027,2025-12-05,14:20
2385,9,C027,2025-12-05,17:50
2386,9,C027,2025-12-05,21:10
2387,9,C001,2025-12-06,10:10
2388,9,C001,2025-12-06,13:30
2389,9,C001,2025-12-06,16:50
2390,9,C001,2025-12-06,20:20
2391,9,C003,2025-12-06,11:10
2392,9,C003,2025-12-06,14:40
2393,9,C003,2025-12-06,18:10
2394,9,C003,2025-12-06,21:30
2395,9,C007,2025-12-06,10:50
2396,9,C007,2025-12-06,14:20
2397,9,C007,2025-12-06,17:50
2398,9,C007,2025-12-06,21:10
2399,9,C011,2025-12-06,12:50
2400,9,C011,2025-12-06,16:20
2401,9,C011,2025-12-06,19:50
2402,9,C018,2025-12-06,09:50
2403,9,C018,2025-12-06,13:20
2404,9,C018,2025-12-06,16:50
2405,9,C018,2025-12-06,20:20
2406,9,C022,2025-12-06,11:50
2407,9,C022,2025-12-06,15:30
2408,9,C022,2025-12-06,19:00
2409,9,C027,2025-12-06,10:30
2410,9,C027,2025-12-06,14:00
2411,9,C027,2025-12-06,17:30
2412,9,C027,2025-12-06,21:00
2413,9,C001,2025-12-07,10:40
2414,9,C001,2025-12-07,14:00
2415,9,C001,2025-12-07,17:20
2416,9,C001,2025-12-07,20:50
2417,9,C003,2025-12-07,11:40
2418,9,C003,2025-12-07,15:10
2419,9,C003,2025-12-07,18:40
2420,9,C007,2025-12-07,10:00
2421,9,C007,2025-12-07,13:30
2422,9,C007,2025-12-07,17:00
2423,9,C007,2025-12-07,20:30
2424,9,C011,2025-12-07,12:00
2425,9,C011,2025-12-07,15:30
2426,9,C011,2025-12-07,19:00
2427,9,C018,2025-12-07,09:30
2428,9,C018,2025-12-07,13:00
2429,9,C018,2025-12-07,16:30
2430,9,C018,2025-12-07,20:00
2431,9,C022,2025-12-07,11:20
2432,9,C022,2025-12-07,14:50
2433,9,C022,2025-12-07,18:20
2434,9,C022,2025-12-07,21:40
2435,9,C027,2025-12-07,10:50
2436,9,C027,2025-12-07,14:20
2437,9,C027,2025-12-07,17:50
2438,9,C027,2025-12-07,21:10
2439,10,C004,2025-12-01,10:40
2440,10,C004,2025-12-01,14:10
2441,10,C004,2025-12-01,17:40
2442,10,C004,2025-12-01,21:00
2443,10,C006,2025-12-01,11:20
2444,10,C006,2025-12-01,15:00
2445,10,C006,2025-12-01,18:30
2446,10,C006,2025-12-01,21:40
2447,10,C009,2025-12-01,09:50
2448,10,C009,2025-12-01,13:20
2449,10,C009,2025-12-01,16:50
2450,10,C009,2025-12-01,20:20
2451,10,C014,2025-12-01,12:00
2452,10,C014,2025-12-01,15:30
2453,10,C014,2025-12-01,19:00
2454,10,C020,2025-12-01,10:30
2455,10,C020,2025-12-01,14:00
2456,10,C020,2025-12-01,17:30
2457,10,C020,2025-12-01,21:10
2458,10,C025,2025-12-01,11:10
2459,10,C025,2025-12-01,14:50
2460,10,C025,2025-12-01,18:20
2461,10,C034,2025-12-01,10:00
2462,10,C034,2025-12-01,13:40
2463,10,C034,2025-12-01,17:10
2464,10,C034,2025-12-01,20:40
2465,10,C004,2025-12-02,10:20
2466,10,C004,2025-12-02,13:50
2467,10,C004,2025-12-02,17:20
2468,10,C004,2025-12-02,20:50
2469,10,C006,2025-12-02,11:40
2470,10,C006,2025-12-02,15:20
2471,10,C006,2025-12-02,18:50
2472,10,C009,2025-12-02,09:40
2473,10,C009,2025-12-02,13:10
2474,10,C009,2025-12-02,16:40
2475,10,C009,2025-12-02,20:00
2476,10,C014,2025-12-02,12:30
2477,10,C014,2025-12-02,16:00
2478,10,C014,2025-12-02,19:30
2479,10,C020,2025-12-02,10:50
2480,10,C020,2025-12-02,14:20
2481,10,C020,2025-12-02,17:50
2482,10,C020,2025-12-02,21:20
2483,10,C025,2025-12-02,11:30
2484,10,C025,2025-12-02,15:10
2485,10,C025,2025-12-02,18:40
2486,10,C034,2025-12-02,10:10
2487,10,C034,2025-12-02,13:40
2488,10,C034,2025-12-02,17:10
2489,10,C034,2025-12-02,20:40
2490,10,C004,2025-12-03,10:50
2491,10,C004,2025-12-03,14:20
2492,10,C004,2025-12-03,17:50
2493,10,C004,2025-12-03,21:10
2494,10,C006,2025-12-03,11:00
2495,10,C006,2025-12-03,14:40
2496,10,C006,2025-12-03,18:10
2497,10,C009,2025-12-03,09:30
2498,10,C009,2025-12-03,13:00
2499,10,C009,2025-12-03,16:30
2500,10,C009,2025-12-03,20:00
2501,10,C014,2025-12-03,12:10
2502,10,C014,2025-12-03,15:40
2503,10,C014,2025-12-03,19:10
2504,10,C020,2025-12-03,10:40
2505,10,C020,2025-12-03,14:10
2506,10,C020,2025-12-03,17:40
2507,10,C025,2025-12-03,11:50
2508,10,C025,2025-12-03,15:30
2509,10,C025,2025-12-03,19:00
2510,10,C034,2025-12-03,10:30
2511,10,C034,2025-12-03,14:00
2512,10,C034,2025-12-03,17:30
2513,10,C034,2025-12-03,21:00
2514,10,C004,2025-12-04,10:00
2515,10,C004,2025-12-04,13:30
2516,10,C004,2025-12-04,16:50
2517,10,C004,2025-12-04,20:20
2518,10,C006,2025-12-04,11:30
2519,10,C006,2025-12-04,15:10
2520,10,C006,2025-12-04,18:40
2521,10,C009,2025-12-04,09:50
2522,10,C009,2025-12-04,13:20
2523,10,C009,2025-12-04,16:50
2524,10,C009,2025-12-04,20:20
2525,10,C014,2025-12-04,12:40
2526,10,C014,2025-12-04,16:20
2527,10,C014,2025-12-04,19:50
2528,10,C020,2025-12-04,10:20
2529,10,C020,2025-12-04,13:50
2530,10,C020,2025-12-04,17:20
2531,10,C020,2025-12-04,21:00
2532,10,C025,2025-12-04,11:00
2533,10,C025,2025-12-04,14:40
2534,10,C025,2025-12-04,18:10
2535,10,C034,2025-12-04,10:40
2536,10,C034,2025-12-04,14:10
2537,10,C034,2025-12-04,17:40
2538,10,C034,2025-12-04,21:10
2539,10,C004,2025-12-05,10:30
2540,10,C004,2025-12-05,14:00
2541,10,C004,2025-12-05,17:30
2542,10,C004,2025-12-05,20:50
2543,10,C006,2025-12-05,11:50
2544,10,C006,2025-12-05,15:30
2545,10,C006,2025-12-05,19:00
2546,10,C009,2025-12-05,09:40
2547,10,C009,2025-12-05,13:10
2548,10,C009,2025-12-05,16:40
2549,10,C009,2025-12-05,20:10
2550,10,C014,2025-12-05,12:20
2551,10,C014,2025-12-05,15:50
2552,10,C014,2025-12-05,19:20
2553,10,C020,2025-12-05,10:50
2554,10,C020,2025-12-05,14:20
2555,10,C020,2025-12-05,17:50
2556,10,C025,2025-12-05,11:20
2557,10,C025,2025-12-05,15:00
2558,10,C025,2025-12-05,18:30
2559,10,C025,2025-12-05,21:40
2560,10,C034,2025-12-05,10:10
2561,10,C034,2025-12-05,13:40
2562,10,C034,2025-12-05,17:10
2563,10,C034,2025-12-05,20:40
2564,10,C004,2025-12-06,10:50
2565,10,C004,2025-12-06,14:20
2566,10,C004,2025-12-06,17:50
2567,10,C004,2025-12-06,21:20
2568,10,C006,2025-12-06,11:10
2569,10,C006,2025-12-06,14:50
2570,10,C006,2025-12-06,18:20
2571,10,C009,2025-12-06,09:30
2572,10,C009,2025-12-06,13:00
2573,10,C009,2025-12-06,16:30
2574,10,C009,2025-12-06,20:00
2575,10,C014,2025-12-06,12:50
2576,10,C014,2025-12-06,16:30
2577,10,C014,2025-12-06,20:00
2578,10,C020,2025-12-06,10:00
2579,10,C020,2025-12-06,13:30
2580,10,C020,2025-12-06,17:00
2581,10,C020,2025-12-06,20:30
2582,10,C025,2025-12-06,11:40
2583,10,C025,2025-12-06,15:20
2584,10,C025,2025-12-06,18:50
2585,10,C034,2025-12-06,10:30
2586,10,C034,2025-12-06,14:00
2587,10,C034,2025-12-06,17:30
2588,10,C034,2025-12-06,21:00
2589,10,C004,2025-12-07,10:10
2590,10,C004,2025-12-07,13:40
2591,10,C004,2025-12-07,17:10
2592,10,C004,2025-12-07,20:40
2593,10,C006,2025-12-07,11:40
2594,10,C006,2025-12-07,15:20
2595,10,C006,2025-12-07,18:50
2596,10,C006,2025-12-07,21:50
2597,10,C009,2025-12-07,09:50
2598,10,C009,2025-12-07,13:20
2599,10,C009,2025-12-07,16:50
2600,10,C009,2025-12-07,20:20
2601,10,C014,2025-12-07,12:00
2602,10,C014,2025-12-07,15:30
2603,10,C014,2025-12-07,19:00
2604,10,C020,2025-12-07,10:40
2605,10,C020,2025-12-07,14:10
2606,10,C020,2025-12-07,17:40
2607,10,C020,2025-12-07,21:10
2608,10,C025,2025-12-07,11:00
2609,10,C025,2025-12-07,14:40
2610,10,C025,2025-12-07,18:10
2611,10,C025,2025-12-07,21:30
2612,10,C034,2025-12-07,10:20
2613,10,C034,2025-12-07,13:50
2614,10,C034,2025-12-07,17:20
2615,10,C034,2025-12-07,20:50